District,Date,Rainfall
Bastar,01-01-2014,0
Bastar,01-02-2014,0.013928571
Bastar,01-03-2014,1.031935484
Bastar,01-04-2014,1.283666667
Bastar,01-05-2014,1.417419355
Bastar,01-06-2014,5.996666667
Bastar,01-07-2014,15.63967742
Bastar,01-08-2014,10.95354839
Bastar,01-09-2014,9.906333333
Bastar,01-10-2014,3.027741935
Bastar,01-11-2014,0.070666667
Bastar,01-12-2014,0.002580645
Bastar,01-01-2015,0.122258065
Bastar,01-02-2015,0.044642857
Bastar,01-03-2015,0.120645161
Bastar,01-04-2015,2.262
Bastar,01-05-2015,1.60516129
Bastar,01-06-2015,12.20966667
Bastar,01-07-2015,4.918064516
Bastar,01-08-2015,10.75
Bastar,01-09-2015,13.21266667
Bastar,01-10-2015,0.498064516
Bastar,01-11-2015,0.034333333
Bastar,01-12-2015,0.16516129
Bastar,01-01-2016,0.022903226
Bastar,01-02-2016,0.120344828
Bastar,01-03-2016,1.453225806
Bastar,01-04-2016,0.725
Bastar,01-05-2016,1.086451613
Bastar,01-06-2016,10.79733333
Bastar,01-07-2016,12.31935484
Bastar,01-08-2016,10.68548387
Bastar,01-09-2016,9.627666667
Bastar,01-10-2016,4.176129032
Bastar,01-11-2016,0.034333333
Bastar,01-12-2016,0.001935484
Bastar,01-01-2017,0
Bastar,01-02-2017,0
Bastar,01-03-2017,0.351612903
Bastar,01-04-2017,0.366666667
Bastar,01-05-2017,1.80483871
Bastar,01-06-2017,9.046
Bastar,01-07-2017,13.13967742
Bastar,01-08-2017,11.58516129
Bastar,01-09-2017,5.505333333
Bastar,01-10-2017,4.278709677
Bastar,01-11-2017,0.086
Bastar,01-12-2017,0
Bastar,01-01-2018,0
Bastar,01-02-2018,0.003214286
Bastar,01-03-2018,0.017096774
Bastar,01-04-2018,2.555666667
Bastar,01-05-2018,1.557096774
Bastar,01-06-2018,4.607
Bastar,01-07-2018,10.70903226
Bastar,01-08-2018,15.33354839
Bastar,01-09-2018,6.123
Bastar,01-10-2018,0.375806452
Bastar,01-11-2018,0.007333333
Bastar,01-12-2018,1.788387097
Bastar,01-01-2019,0.303548387
Bastar,01-02-2019,0.234642857
Bastar,01-03-2019,0.017419355
Bastar,01-04-2019,0.954666667
Bastar,01-05-2019,2.318064516
Bastar,01-06-2019,6.854
Bastar,01-07-2019,16.32290323
Bastar,01-08-2019,14.4683871
Bastar,01-09-2019,11.06833333
Bastar,01-10-2019,4.49
Bastar,01-11-2019,0.163666667
Bastar,01-12-2019,0.026774194
Bastar,01-01-2020,0.689354839
Bastar,01-02-2020,0.532413793
Bastar,01-03-2020,1.356451613
Bastar,01-04-2020,2.494333333
Bastar,01-05-2020,2.4025
Bastar,01-06-2020,7.857666667
Bastar,01-07-2020,12.024375
Bastar,01-08-2020,14.83870968
Bastar,01-09-2020,8.215666667
Bastar,01-10-2020,3.410322581
Bastar,01-11-2020,0.170333333
Bastar,01-12-2020,0
Bastar,01-01-2021,0
Bastar,01-02-2021,0.383214286
Bastar,01-03-2021,0.276451613
Bastar,01-04-2021,1.12862069
Bastar,01-05-2021,3.134827586
Bastar,01-06-2021,5.55
Bastar,01-07-2021,9.915172414
Bastar,01-08-2021,9.801612903
Bastar,01-09-2021,7.902
Bastar,01-10-2021,2.023548387
Bastar,01-11-2021,1.244333333
Bastar,01-12-2021,0.081612903
Bastar,01-01-2022,2.519677419
Bastar,01-02-2022,0.062962963
Bastar,01-03-2022,0
Bastar,01-04-2022,1.037142857
Bastar,01-05-2022,2.093548387
Bastar,01-06-2022,3.839666667
Bastar,01-07-2022,17.86896552
Bastar,01-08-2022,19.0616129
Bastar,01-09-2022,8.04
Bastar,01-10-2022,1.952580645
Bastar,01-11-2022,0.008
Bastar,01-12-2022,0.083548387
Bastar,01-01-2023,0
Bastar,01-02-2023,0
Bastar,01-03-2023,1.872258065
Bastar,01-04-2023,2.389333333
Bastar,01-05-2023,2.597419355
Bastar,01-06-2023,3.974482759
Bastar,01-07-2023,11.29322581
Bastar,01-08-2023,6.70483871
Bastar,01-09-2023,11.22266667
Bastar,01-10-2023,0.509032258
Bastar,01-11-2023,0.407666667
Bastar,01-12-2023,1.531612903
Bijapur,01-01-2014,0
Bijapur,01-02-2014,0.001785714
Bijapur,01-03-2014,1.533548387
Bijapur,01-04-2014,0.230333333
Bijapur,01-05-2014,0.883548387
Bijapur,01-06-2014,2.406
Bijapur,01-07-2014,12.50741935
Bijapur,01-08-2014,8.942903226
Bijapur,01-09-2014,10.87966667
Bijapur,01-10-2014,1.937741935
Bijapur,01-11-2014,0.769
Bijapur,01-12-2014,0
Bijapur,01-01-2015,0.29516129
Bijapur,01-02-2015,0.001071429
Bijapur,01-03-2015,0.260322581
Bijapur,01-04-2015,1.232333333
Bijapur,01-05-2015,0.324193548
Bijapur,01-06-2015,15.19566667
Bijapur,01-07-2015,4.688064516
Bijapur,01-08-2015,10.94548387
Bijapur,01-09-2015,6.754
Bijapur,01-10-2015,0.593870968
Bijapur,01-11-2015,0.025666667
Bijapur,01-12-2015,0.002580645
Bijapur,01-01-2016,0.031935484
Bijapur,01-02-2016,0.000344828
Bijapur,01-03-2016,0.375483871
Bijapur,01-04-2016,0.041
Bijapur,01-05-2016,0.476774194
Bijapur,01-06-2016,9.277
Bijapur,01-07-2016,12.53935484
Bijapur,01-08-2016,11.56935484
Bijapur,01-09-2016,12.29333333
Bijapur,01-10-2016,2.546451613
Bijapur,01-11-2016,0
Bijapur,01-12-2016,0.000645161
Bijapur,01-01-2017,0
Bijapur,01-02-2017,0
Bijapur,01-03-2017,0.662903226
Bijapur,01-04-2017,0.065666667
Bijapur,01-05-2017,0.820967742
Bijapur,01-06-2017,8.293
Bijapur,01-07-2017,10.91451613
Bijapur,01-08-2017,12.59354839
Bijapur,01-09-2017,4.068333333
Bijapur,01-10-2017,3.418387097
Bijapur,01-11-2017,0.025
Bijapur,01-12-2017,0
Bijapur,01-01-2018,0
Bijapur,01-02-2018,0
Bijapur,01-03-2018,0.072258065
Bijapur,01-04-2018,1.731666667
Bijapur,01-05-2018,1.641612903
Bijapur,01-06-2018,6.592
Bijapur,01-07-2018,15.64645161
Bijapur,01-08-2018,20.19451613
Bijapur,01-09-2018,4.944666667
Bijapur,01-10-2018,0.478064516
Bijapur,01-11-2018,0.052333333
Bijapur,01-12-2018,1.636451613
Bijapur,01-01-2019,0.46516129
Bijapur,01-02-2019,0.081071429
Bijapur,01-03-2019,0.044193548
Bijapur,01-04-2019,0.729333333
Bijapur,01-05-2019,0.442903226
Bijapur,01-06-2019,3.399666667
Bijapur,01-07-2019,17.97064516
Bijapur,01-08-2019,18.64709677
Bijapur,01-09-2019,10.601
Bijapur,01-10-2019,6.272903226
Bijapur,01-11-2019,0.11
Bijapur,01-12-2019,0.048709677
Bijapur,01-01-2020,0.204193548
Bijapur,01-02-2020,0.765517241
Bijapur,01-03-2020,0.393548387
Bijapur,01-04-2020,1.285666667
Bijapur,01-05-2020,0.659285714
Bijapur,01-06-2020,9.415
Bijapur,01-07-2020,17.085
Bijapur,01-08-2020,30.27064516
Bijapur,01-09-2020,7.053666667
Bijapur,01-10-2020,4.418064516
Bijapur,01-11-2020,0.296
Bijapur,01-12-2020,0
Bijapur,01-01-2021,0
Bijapur,01-02-2021,0.133571429
Bijapur,01-03-2021,0.002258065
Bijapur,01-04-2021,1.529655172
Bijapur,01-05-2021,1.964137931
Bijapur,01-06-2021,6.3525
Bijapur,01-07-2021,11.04827586
Bijapur,01-08-2021,8.514193548
Bijapur,01-09-2021,9.915333333
Bijapur,01-10-2021,1.754193548
Bijapur,01-11-2021,1.121666667
Bijapur,01-12-2021,0.016129032
Bijapur,01-01-2022,1.34516129
Bijapur,01-02-2022,0.003333333
Bijapur,01-03-2022,0.000333333
Bijapur,01-04-2022,0.476071429
Bijapur,01-05-2022,0.941290323
Bijapur,01-06-2022,5.244
Bijapur,01-07-2022,28.95827586
Bijapur,01-08-2022,12.64516129
Bijapur,01-09-2022,11.43966667
Bijapur,01-10-2022,2.289354839
Bijapur,01-11-2022,0.002666667
Bijapur,01-12-2022,0.112903226
Bijapur,01-01-2023,0
Bijapur,01-02-2023,0
Bijapur,01-03-2023,1.832580645
Bijapur,01-04-2023,2.302666667
Bijapur,01-05-2023,1.677096774
Bijapur,01-06-2023,4.224137931
Bijapur,01-07-2023,24.05129032
Bijapur,01-08-2023,8.136129032
Bijapur,01-09-2023,10.63266667
Bijapur,01-10-2023,0.993548387
Bijapur,01-11-2023,0.18
Bijapur,01-12-2023,1.641612903
Bilashpur,01-01-2014,0.063548387
Bilashpur,01-02-2014,1.920357143
Bilashpur,01-03-2014,1.489677419
Bilashpur,01-04-2014,1.055666667
Bilashpur,01-05-2014,0.506451613
Bilashpur,01-06-2014,4.034
Bilashpur,01-07-2014,11.62935484
Bilashpur,01-08-2014,12.77
Bilashpur,01-09-2014,7.686666667
Bilashpur,01-10-2014,4.186451613
Bilashpur,01-11-2014,0
Bilashpur,01-12-2014,0.157096774
Bilashpur,01-01-2015,0.541612903
Bilashpur,01-02-2015,0.098571429
Bilashpur,01-03-2015,0.961290323
Bilashpur,01-04-2015,1.368333333
Bilashpur,01-05-2015,0.057096774
Bilashpur,01-06-2015,6.659333333
Bilashpur,01-07-2015,9.300645161
Bilashpur,01-08-2015,10.85
Bilashpur,01-09-2015,5.474333333
Bilashpur,01-10-2015,0.309677419
Bilashpur,01-11-2015,0
Bilashpur,01-12-2015,0.007419355
Bilashpur,01-01-2016,0.439032258
Bilashpur,01-02-2016,0.239655172
Bilashpur,01-03-2016,0.583870968
Bilashpur,01-04-2016,0.168333333
Bilashpur,01-05-2016,0.960322581
Bilashpur,01-06-2016,2.770666667
Bilashpur,01-07-2016,12.55935484
Bilashpur,01-08-2016,9.915806452
Bilashpur,01-09-2016,8.572666667
Bilashpur,01-10-2016,1.19483871
Bilashpur,01-11-2016,0
Bilashpur,01-12-2016,0
Bilashpur,01-01-2017,0.067419355
Bilashpur,01-02-2017,0.209285714
Bilashpur,01-03-2017,0.151290323
Bilashpur,01-04-2017,0.002
Bilashpur,01-05-2017,0.318709677
Bilashpur,01-06-2017,5.058666667
Bilashpur,01-07-2017,10.39
Bilashpur,01-08-2017,8.981935484
Bilashpur,01-09-2017,5.719333333
Bilashpur,01-10-2017,0.842903226
Bilashpur,01-11-2017,0.024333333
Bilashpur,01-12-2017,0
Bilashpur,01-01-2018,0
Bilashpur,01-02-2018,0.574642857
Bilashpur,01-03-2018,0.007741935
Bilashpur,01-04-2018,1.260666667
Bilashpur,01-05-2018,0.760967742
Bilashpur,01-06-2018,5.264333333
Bilashpur,01-07-2018,10.84935484
Bilashpur,01-08-2018,10.26935484
Bilashpur,01-09-2018,4.080333333
Bilashpur,01-10-2018,0.026451613
Bilashpur,01-11-2018,0
Bilashpur,01-12-2018,1.502903226
Bilashpur,01-01-2019,0.790645161
Bilashpur,01-02-2019,0.418214286
Bilashpur,01-03-2019,0.760967742
Bilashpur,01-04-2019,0.179333333
Bilashpur,01-05-2019,0.285806452
Bilashpur,01-06-2019,3.445333333
Bilashpur,01-07-2019,9.629677419
Bilashpur,01-08-2019,13.1316129
Bilashpur,01-09-2019,14.17433333
Bilashpur,01-10-2019,2.393548387
Bilashpur,01-11-2019,0
Bilashpur,01-12-2019,0.106129032
Bilashpur,01-01-2020,1.871290323
Bilashpur,01-02-2020,1.702758621
Bilashpur,01-03-2020,2.207741935
Bilashpur,01-04-2020,1.090333333
Bilashpur,01-05-2020,1.224642857
Bilashpur,01-06-2020,8.475
Bilashpur,01-07-2020,7.060625
Bilashpur,01-08-2020,16.96032258
Bilashpur,01-09-2020,4.989
Bilashpur,01-10-2020,2.986774194
Bilashpur,01-11-2020,0.219666667
Bilashpur,01-12-2020,0.187096774
Bilashpur,01-01-2021,0.216774194
Bilashpur,01-02-2021,0.663571429
Bilashpur,01-03-2021,0.271612903
Bilashpur,01-04-2021,0.129655172
Bilashpur,01-05-2021,1.935517241
Bilashpur,01-06-2021,8.916666667
Bilashpur,01-07-2021,13.57862069
Bilashpur,01-08-2021,7.764516129
Bilashpur,01-09-2021,11.33166667
Bilashpur,01-10-2021,1.253225806
Bilashpur,01-11-2021,0.248333333
Bilashpur,01-12-2021,0.945806452
Bilashpur,01-01-2022,0.713225806
Bilashpur,01-02-2022,0.613333333
Bilashpur,01-03-2022,0.094666667
Bilashpur,01-04-2022,0.113571429
Bilashpur,01-05-2022,0.690967742
Bilashpur,01-06-2022,6.850333333
Bilashpur,01-07-2022,12.78689655
Bilashpur,01-08-2022,14.66677419
Bilashpur,01-09-2022,7.993
Bilashpur,01-10-2022,2.001935484
Bilashpur,01-11-2022,0
Bilashpur,01-12-2022,0.003870968
Bilashpur,01-01-2023,0
Bilashpur,01-02-2023,0
Bilashpur,01-03-2023,1.139354839
Bilashpur,01-04-2023,1.145666667
Bilashpur,01-05-2023,1.781935484
Bilashpur,01-06-2023,6.035862069
Bilashpur,01-07-2023,8.423225806
Bilashpur,01-08-2023,9.155483871
Bilashpur,01-09-2023,14.32833333
Bilashpur,01-10-2023,0.58516129
Bilashpur,01-11-2023,0.102333333
Bilashpur,01-12-2023,1.011290323
Chhatishgarh,01-01-2014,0.071935484
Chhatishgarh,01-02-2014,1.132142857
Chhatishgarh,01-03-2014,0.862903226
Chhatishgarh,01-04-2014,0.456333333
Chhatishgarh,01-05-2014,1.085483871
Chhatishgarh,01-06-2014,3.633
Chhatishgarh,01-07-2014,13.85774194
Chhatishgarh,01-08-2014,10.72483871
Chhatishgarh,01-09-2014,8.137333333
Chhatishgarh,01-10-2014,2.366451613
Chhatishgarh,01-11-2014,0.111666667
Chhatishgarh,01-12-2014,0.037419355
Chhatishgarh,01-01-2015,0.431612903
Chhatishgarh,01-02-2015,0.037857143
Chhatishgarh,01-03-2015,0.547096774
Chhatishgarh,01-04-2015,1.510333333
Chhatishgarh,01-05-2015,0.453225806
Chhatishgarh,01-06-2015,8.695666667
Chhatishgarh,01-07-2015,8.710645161
Chhatishgarh,01-08-2015,9.542903226
Chhatishgarh,01-09-2015,6.939666667
Chhatishgarh,01-10-2015,0.606774194
Chhatishgarh,01-11-2015,0.029666667
Chhatishgarh,01-12-2015,0.065483871
Chhatishgarh,01-01-2016,0.257096774
Chhatishgarh,01-02-2016,0.161724138
Chhatishgarh,01-03-2016,0.71483871
Chhatishgarh,01-04-2016,0.154666667
Chhatishgarh,01-05-2016,1.180967742
Chhatishgarh,01-06-2016,5.474333333
Chhatishgarh,01-07-2016,11.50225806
Chhatishgarh,01-08-2016,11.22709677
Chhatishgarh,01-09-2016,9.750333333
Chhatishgarh,01-10-2016,2.489677419
Chhatishgarh,01-11-2016,0.003333333
Chhatishgarh,01-12-2016,0.002903226
Chhatishgarh,01-01-2017,0.048709677
Chhatishgarh,01-02-2017,0.045
Chhatishgarh,01-03-2017,0.258709677
Chhatishgarh,01-04-2017,0.064666667
Chhatishgarh,01-05-2017,0.590322581
Chhatishgarh,01-06-2017,6.339333333
Chhatishgarh,01-07-2017,12.00193548
Chhatishgarh,01-08-2017,9.441935484
Chhatishgarh,01-09-2017,5.750333333
Chhatishgarh,01-10-2017,2.290322581
Chhatishgarh,01-11-2017,0.019333333
Chhatishgarh,01-12-2017,0
Chhatishgarh,01-01-2018,0
Chhatishgarh,01-02-2018,0.322857143
Chhatishgarh,01-03-2018,0.021290323
Chhatishgarh,01-04-2018,0.982666667
Chhatishgarh,01-05-2018,1.344193548
Chhatishgarh,01-06-2018,5.079666667
Chhatishgarh,01-07-2018,12.3816129
Chhatishgarh,01-08-2018,13.20387097
Chhatishgarh,01-09-2018,4.937
Chhatishgarh,01-10-2018,0.196129032
Chhatishgarh,01-11-2018,0.004333333
Chhatishgarh,01-12-2018,1.490322581
Chhatishgarh,01-01-2019,0.44516129
Chhatishgarh,01-02-2019,0.441428571
Chhatishgarh,01-03-2019,0.468387097
Chhatishgarh,01-04-2019,0.482
Chhatishgarh,01-05-2019,0.546129032
Chhatishgarh,01-06-2019,4.356666667
Chhatishgarh,01-07-2019,11.50935484
Chhatishgarh,01-08-2019,13.03967742
Chhatishgarh,01-09-2019,11.334
Chhatishgarh,01-10-2019,3.399032258
Chhatishgarh,01-11-2019,0.051
Chhatishgarh,01-12-2019,0.151935484
Chhatishgarh,01-01-2020,0.987741935
Chhatishgarh,01-02-2020,1.388965517
Chhatishgarh,01-03-2020,1.891290323
Chhatishgarh,01-04-2020,1.100333333
Chhatishgarh,01-05-2020,1.466428571
Chhatishgarh,01-06-2020,9.339333333
Chhatishgarh,01-07-2020,9.4275
Chhatishgarh,01-08-2020,16.38032258
Chhatishgarh,01-09-2020,5.451
Chhatishgarh,01-10-2020,2.914516129
Chhatishgarh,01-11-2020,0.192
Chhatishgarh,01-12-2020,0.032903226
Chhatishgarh,01-01-2021,0.079677419
Chhatishgarh,01-02-2021,0.375
Chhatishgarh,01-03-2021,0.187419355
Chhatishgarh,01-04-2021,0.482068966
Chhatishgarh,01-05-2021,2.487241379
Chhatishgarh,01-06-2021,7.589583333
Chhatishgarh,01-07-2021,10.40275862
Chhatishgarh,01-08-2021,6.788387097
Chhatishgarh,01-09-2021,9.880666667
Chhatishgarh,01-10-2021,1.381290323
Chhatishgarh,01-11-2021,0.808333333
Chhatishgarh,01-12-2021,0.928709677
Chhatishgarh,01-01-2022,1.299032258
Chhatishgarh,01-02-2022,0.427777778
Chhatishgarh,01-03-2022,0.024
Chhatishgarh,01-04-2022,0.332857143
Chhatishgarh,01-05-2022,0.877096774
Chhatishgarh,01-06-2022,4.469333333
Chhatishgarh,01-07-2022,13.96931034
Chhatishgarh,01-08-2022,14.26935484
Chhatishgarh,01-09-2022,7.471333333
Chhatishgarh,01-10-2022,2.309677419
Chhatishgarh,01-11-2022,0.001
Chhatishgarh,01-12-2022,0.073870968
Chhatishgarh,01-01-2023,0.005
Chhatishgarh,01-02-2023,0
Chhatishgarh,01-03-2023,1.271935484
Chhatishgarh,01-04-2023,1.453
Chhatishgarh,01-05-2023,1.331612903
Chhatishgarh,01-06-2023,5.767931034
Chhatishgarh,01-07-2023,10.37129032
Chhatishgarh,01-08-2023,7.903870968
Chhatishgarh,01-09-2023,10.805
Chhatishgarh,01-10-2023,1.211935484
Chhatishgarh,01-11-2023,0.167333333
Chhatishgarh,01-12-2023,1.015483871
Dakshin Bastar,01-01-2014,0
Dakshin Bastar,01-02-2014,0.019285714
Dakshin Bastar,01-03-2014,0.561290323
Dakshin Bastar,01-04-2014,0.639333333
Dakshin Bastar,01-05-2014,1.955483871
Dakshin Bastar,01-06-2014,3.194
Dakshin Bastar,01-07-2014,13.65322581
Dakshin Bastar,01-08-2014,12.21709677
Dakshin Bastar,01-09-2014,10.63333333
Dakshin Bastar,01-10-2014,4.690645161
Dakshin Bastar,01-11-2014,0.621
Dakshin Bastar,01-12-2014,0.000322581
Dakshin Bastar,01-01-2015,0.046774194
Dakshin Bastar,01-02-2015,0.035
Dakshin Bastar,01-03-2015,0.318387097
Dakshin Bastar,01-04-2015,1.971333333
Dakshin Bastar,01-05-2015,0.832580645
Dakshin Bastar,01-06-2015,18.17433333
Dakshin Bastar,01-07-2015,5.094193548
Dakshin Bastar,01-08-2015,14.30129032
Dakshin Bastar,01-09-2015,13.18733333
Dakshin Bastar,01-10-2015,1.429032258
Dakshin Bastar,01-11-2015,0.382
Dakshin Bastar,01-12-2015,0.057741935
Dakshin Bastar,01-01-2016,0.007741935
Dakshin Bastar,01-02-2016,0.052758621
Dakshin Bastar,01-03-2016,0.376129032
Dakshin Bastar,01-04-2016,0.141
Dakshin Bastar,01-05-2016,0.642580645
Dakshin Bastar,01-06-2016,10.17766667
Dakshin Bastar,01-07-2016,11.12774194
Dakshin Bastar,01-08-2016,10.40870968
Dakshin Bastar,01-09-2016,12.837
Dakshin Bastar,01-10-2016,4.326451613
Dakshin Bastar,01-11-2016,0.012666667
Dakshin Bastar,01-12-2016,0.039677419
Dakshin Bastar,01-01-2017,0
Dakshin Bastar,01-02-2017,0
Dakshin Bastar,01-03-2017,0.299354839
Dakshin Bastar,01-04-2017,0.180333333
Dakshin Bastar,01-05-2017,1.063225806
Dakshin Bastar,01-06-2017,10.94666667
Dakshin Bastar,01-07-2017,15.16967742
Dakshin Bastar,01-08-2017,16.21290323
Dakshin Bastar,01-09-2017,7.466666667
Dakshin Bastar,01-10-2017,4.97
Dakshin Bastar,01-11-2017,0.022333333
Dakshin Bastar,01-12-2017,0
Dakshin Bastar,01-01-2018,0
Dakshin Bastar,01-02-2018,0.002857143
Dakshin Bastar,01-03-2018,0.01516129
Dakshin Bastar,01-04-2018,1.649333333
Dakshin Bastar,01-05-2018,1.393870968
Dakshin Bastar,01-06-2018,7.858666667
Dakshin Bastar,01-07-2018,19.73967742
Dakshin Bastar,01-08-2018,15.19677419
Dakshin Bastar,01-09-2018,8.357333333
Dakshin Bastar,01-10-2018,0.98
Dakshin Bastar,01-11-2018,0.001666667
Dakshin Bastar,01-12-2018,0.799032258
Dakshin Bastar,01-01-2019,0.133225806
Dakshin Bastar,01-02-2019,0.043571429
Dakshin Bastar,01-03-2019,0.215483871
Dakshin Bastar,01-04-2019,0.711666667
Dakshin Bastar,01-05-2019,0.959354839
Dakshin Bastar,01-06-2019,4.568333333
Dakshin Bastar,01-07-2019,17.25193548
Dakshin Bastar,01-08-2019,18.72129032
Dakshin Bastar,01-09-2019,9.701
Dakshin Bastar,01-10-2019,4.059032258
Dakshin Bastar,01-11-2019,0.066333333
Dakshin Bastar,01-12-2019,0.011612903
Dakshin Bastar,01-01-2020,0.171612903
Dakshin Bastar,01-02-2020,0.263793103
Dakshin Bastar,01-03-2020,0.398064516
Dakshin Bastar,01-04-2020,1.659333333
Dakshin Bastar,01-05-2020,0.838214286
Dakshin Bastar,01-06-2020,7.023333333
Dakshin Bastar,01-07-2020,11.989375
Dakshin Bastar,01-08-2020,22.61548387
Dakshin Bastar,01-09-2020,7.67
Dakshin Bastar,01-10-2020,5.30483871
Dakshin Bastar,01-11-2020,0.165333333
Dakshin Bastar,01-12-2020,0
Dakshin Bastar,01-01-2021,0
Dakshin Bastar,01-02-2021,0.172857143
Dakshin Bastar,01-03-2021,0.025806452
Dakshin Bastar,01-04-2021,2.014482759
Dakshin Bastar,01-05-2021,1.46137931
Dakshin Bastar,01-06-2021,5.823333333
Dakshin Bastar,01-07-2021,14.04137931
Dakshin Bastar,01-08-2021,9.151612903
Dakshin Bastar,01-09-2021,9.020666667
Dakshin Bastar,01-10-2021,2.309354839
Dakshin Bastar,01-11-2021,1.194
Dakshin Bastar,01-12-2021,0.036774194
Dakshin Bastar,01-01-2022,0.806774194
Dakshin Bastar,01-02-2022,0.012592593
Dakshin Bastar,01-03-2022,0.070666667
Dakshin Bastar,01-04-2022,0.809285714
Dakshin Bastar,01-05-2022,1.111290323
Dakshin Bastar,01-06-2022,3.674
Dakshin Bastar,01-07-2022,19.23413793
Dakshin Bastar,01-08-2022,13.6216129
Dakshin Bastar,01-09-2022,12.414
Dakshin Bastar,01-10-2022,1.67516129
Dakshin Bastar,01-11-2022,0.002333333
Dakshin Bastar,01-12-2022,0.222903226
Dakshin Bastar,01-01-2023,0
Dakshin Bastar,01-02-2023,0
Dakshin Bastar,01-03-2023,3.039032258
Dakshin Bastar,01-04-2023,2.680333333
Dakshin Bastar,01-05-2023,2.207419355
Dakshin Bastar,01-06-2023,5.487586207
Dakshin Bastar,01-07-2023,18.55774194
Dakshin Bastar,01-08-2023,7.309354839
Dakshin Bastar,01-09-2023,9.002666667
Dakshin Bastar,01-10-2023,0.502903226
Dakshin Bastar,01-11-2023,0.572
Dakshin Bastar,01-12-2023,2.075483871
Dhamtari,01-01-2014,0
Dhamtari,01-02-2014,0.629285714
Dhamtari,01-03-2014,0.436451613
Dhamtari,01-04-2014,0.331
Dhamtari,01-05-2014,1.188709677
Dhamtari,01-06-2014,2.614
Dhamtari,01-07-2014,15.65677419
Dhamtari,01-08-2014,7.117096774
Dhamtari,01-09-2014,8.357333333
Dhamtari,01-10-2014,1.405483871
Dhamtari,01-11-2014,0
Dhamtari,01-12-2014,0
Dhamtari,01-01-2015,0.767741935
Dhamtari,01-02-2015,0
Dhamtari,01-03-2015,0.518064516
Dhamtari,01-04-2015,1.865333333
Dhamtari,01-05-2015,1.345483871
Dhamtari,01-06-2015,6.654666667
Dhamtari,01-07-2015,6.635806452
Dhamtari,01-08-2015,4.861935484
Dhamtari,01-09-2015,7.928666667
Dhamtari,01-10-2015,0.096774194
Dhamtari,01-11-2015,0
Dhamtari,01-12-2015,0.014516129
Dhamtari,01-01-2016,0.187096774
Dhamtari,01-02-2016,0.023448276
Dhamtari,01-03-2016,0.681612903
Dhamtari,01-04-2016,0.276
Dhamtari,01-05-2016,0.408064516
Dhamtari,01-06-2016,4.298666667
Dhamtari,01-07-2016,9.011290323
Dhamtari,01-08-2016,8.237096774
Dhamtari,01-09-2016,10.737
Dhamtari,01-10-2016,2.684193548
Dhamtari,01-11-2016,0
Dhamtari,01-12-2016,0
Dhamtari,01-01-2017,0.001935484
Dhamtari,01-02-2017,0.001428571
Dhamtari,01-03-2017,0.248709677
Dhamtari,01-04-2017,0
Dhamtari,01-05-2017,0.266774194
Dhamtari,01-06-2017,5.004666667
Dhamtari,01-07-2017,8.254516129
Dhamtari,01-08-2017,8.398387097
Dhamtari,01-09-2017,5.259333333
Dhamtari,01-10-2017,3.350322581
Dhamtari,01-11-2017,0.002
Dhamtari,01-12-2017,0
Dhamtari,01-01-2018,0
Dhamtari,01-02-2018,0.257142857
Dhamtari,01-03-2018,0.000967742
Dhamtari,01-04-2018,0.663
Dhamtari,01-05-2018,1.311935484
Dhamtari,01-06-2018,3.936666667
Dhamtari,01-07-2018,8.528064516
Dhamtari,01-08-2018,15.69258065
Dhamtari,01-09-2018,4.321
Dhamtari,01-10-2018,0.013548387
Dhamtari,01-11-2018,0
Dhamtari,01-12-2018,1.548387097
Dhamtari,01-01-2019,0.411290323
Dhamtari,01-02-2019,0.470357143
Dhamtari,01-03-2019,0.373870968
Dhamtari,01-04-2019,0.353333333
Dhamtari,01-05-2019,0.374193548
Dhamtari,01-06-2019,6.039666667
Dhamtari,01-07-2019,8.397741935
Dhamtari,01-08-2019,7.150967742
Dhamtari,01-09-2019,8.560333333
Dhamtari,01-10-2019,2.602258065
Dhamtari,01-11-2019,0.004666667
Dhamtari,01-12-2019,0.000322581
Dhamtari,01-01-2020,0.345806452
Dhamtari,01-02-2020,1.546896552
Dhamtari,01-03-2020,1.258387097
Dhamtari,01-04-2020,0.342
Dhamtari,01-05-2020,2.232142857
Dhamtari,01-06-2020,8.825
Dhamtari,01-07-2020,9.674375
Dhamtari,01-08-2020,12.53903226
Dhamtari,01-09-2020,4.065
Dhamtari,01-10-2020,2.418709677
Dhamtari,01-11-2020,0.002
Dhamtari,01-12-2020,0
Dhamtari,01-01-2021,0
Dhamtari,01-02-2021,0.229285714
Dhamtari,01-03-2021,0.060967742
Dhamtari,01-04-2021,0.231034483
Dhamtari,01-05-2021,1.502413793
Dhamtari,01-06-2021,8.0375
Dhamtari,01-07-2021,7.380689655
Dhamtari,01-08-2021,4.797741935
Dhamtari,01-09-2021,14.00433333
Dhamtari,01-10-2021,0.731290323
Dhamtari,01-11-2021,0.447666667
Dhamtari,01-12-2021,0.957419355
Dhamtari,01-01-2022,1.721612903
Dhamtari,01-02-2022,0.004814815
Dhamtari,01-03-2022,0
Dhamtari,01-04-2022,0.203214286
Dhamtari,01-05-2022,0.818064516
Dhamtari,01-06-2022,4.492333333
Dhamtari,01-07-2022,14.65137931
Dhamtari,01-08-2022,13.00258065
Dhamtari,01-09-2022,7.224666667
Dhamtari,01-10-2022,1.931935484
Dhamtari,01-11-2022,0
Dhamtari,01-12-2022,0.049677419
Dhamtari,01-01-2023,0.000666667
Dhamtari,01-02-2023,0
Dhamtari,01-03-2023,1.089677419
Dhamtari,01-04-2023,2.12
Dhamtari,01-05-2023,1.285483871
Dhamtari,01-06-2023,7.82
Dhamtari,01-07-2023,10.31709677
Dhamtari,01-08-2023,5.079032258
Dhamtari,01-09-2023,9.431666667
Dhamtari,01-10-2023,0.324193548
Dhamtari,01-11-2023,0.179333333
Dhamtari,01-12-2023,1.03483871
Durg,01-01-2014,0.000967742
Durg,01-02-2014,1.683571429
Durg,01-03-2014,0.719032258
Durg,01-04-2014,0.483
Durg,01-05-2014,0.563870968
Durg,01-06-2014,3.276
Durg,01-07-2014,16.23451613
Durg,01-08-2014,9.039032258
Durg,01-09-2014,8.567666667
Durg,01-10-2014,2.680967742
Durg,01-11-2014,0.000333333
Durg,01-12-2014,0.007419355
Durg,01-01-2015,0.593225806
Durg,01-02-2015,0.01
Durg,01-03-2015,0.773870968
Durg,01-04-2015,1.282
Durg,01-05-2015,0.434516129
Durg,01-06-2015,7.921333333
Durg,01-07-2015,6.783225806
Durg,01-08-2015,8.070322581
Durg,01-09-2015,7.166
Durg,01-10-2015,0.092903226
Durg,01-11-2015,0
Durg,01-12-2015,0.061612903
Durg,01-01-2016,0.28
Durg,01-02-2016,0.046551724
Durg,01-03-2016,0.716774194
Durg,01-04-2016,0.134
Durg,01-05-2016,6.323870968
Durg,01-06-2016,5.544
Durg,01-07-2016,10.52516129
Durg,01-08-2016,6.899032258
Durg,01-09-2016,11.417
Durg,01-10-2016,2.680645161
Durg,01-11-2016,0
Durg,01-12-2016,0
Durg,01-01-2017,0.055806452
Durg,01-02-2017,0.003928571
Durg,01-03-2017,0.330967742
Durg,01-04-2017,0
Durg,01-05-2017,0.305806452
Durg,01-06-2017,6.169
Durg,01-07-2017,8.052903226
Durg,01-08-2017,8.733548387
Durg,01-09-2017,7.192666667
Durg,01-10-2017,1.865806452
Durg,01-11-2017,0.010333333
Durg,01-12-2017,0
Durg,01-01-2018,0
Durg,01-02-2018,0.676071429
Durg,01-03-2018,0.044193548
Durg,01-04-2018,1.022333333
Durg,01-05-2018,1.161935484
Durg,01-06-2018,6.201666667
Durg,01-07-2018,11.92483871
Durg,01-08-2018,15.11806452
Durg,01-09-2018,3.694
Durg,01-10-2018,0.043870968
Durg,01-11-2018,0
Durg,01-12-2018,1.644516129
Durg,01-01-2019,0.968387097
Durg,01-02-2019,0.405
Durg,01-03-2019,0.681935484
Durg,01-04-2019,0.306
Durg,01-05-2019,0.309677419
Durg,01-06-2019,5.110666667
Durg,01-07-2019,7.851935484
Durg,01-08-2019,10.89741935
Durg,01-09-2019,13.06033333
Durg,01-10-2019,2.570645161
Durg,01-11-2019,0
Durg,01-12-2019,0.058064516
Durg,01-01-2020,0.966774194
Durg,01-02-2020,2.727586207
Durg,01-03-2020,1.681935484
Durg,01-04-2020,0.476666667
Durg,01-05-2020,2.673571429
Durg,01-06-2020,9.528666667
Durg,01-07-2020,8.625625
Durg,01-08-2020,14.66451613
Durg,01-09-2020,3.433333333
Durg,01-10-2020,1.126774194
Durg,01-11-2020,0.062666667
Durg,01-12-2020,0.003870968
Durg,01-01-2021,0.086774194
Durg,01-02-2021,0.348214286
Durg,01-03-2021,0.120322581
Durg,01-04-2021,0.21137931
Durg,01-05-2021,2.04
Durg,01-06-2021,8.482083333
Durg,01-07-2021,8.830689655
Durg,01-08-2021,4.803548387
Durg,01-09-2021,11.418
Durg,01-10-2021,1.126129032
Durg,01-11-2021,0.862666667
Durg,01-12-2021,2.082580645
Durg,01-01-2022,1.183548387
Durg,01-02-2022,0.171111111
Durg,01-03-2022,0.008666667
Durg,01-04-2022,0.272142857
Durg,01-05-2022,0.654193548
Durg,01-06-2022,4.766333333
Durg,01-07-2022,13.86724138
Durg,01-08-2022,13.76903226
Durg,01-09-2022,5.482333333
Durg,01-10-2022,2.44483871
Durg,01-11-2022,0
Durg,01-12-2022,0.063225806
Durg,01-01-2023,0.027
Durg,01-02-2023,0
Durg,01-03-2023,1.081935484
Durg,01-04-2023,1.518666667
Durg,01-05-2023,1.772258065
Durg,01-06-2023,6.75
Durg,01-07-2023,11.34612903
Durg,01-08-2023,6.720967742
Durg,01-09-2023,11.78633333
Durg,01-10-2023,0.218387097
Durg,01-11-2023,0.047333333
Durg,01-12-2023,0.530967742
Janjgir_champa,01-01-2014,0
Janjgir_champa,01-02-2014,0.951428571
Janjgir_champa,01-03-2014,1.000967742
Janjgir_champa,01-04-2014,0.032333333
Janjgir_champa,01-05-2014,1.767741935
Janjgir_champa,01-06-2014,3.656
Janjgir_champa,01-07-2014,15.40870968
Janjgir_champa,01-08-2014,11.02774194
Janjgir_champa,01-09-2014,6.996666667
Janjgir_champa,01-10-2014,1.526774194
Janjgir_champa,01-11-2014,0
Janjgir_champa,01-12-2014,0.000967742
Janjgir_champa,01-01-2015,0.057741935
Janjgir_champa,01-02-2015,0.001785714
Janjgir_champa,01-03-2015,0.550967742
Janjgir_champa,01-04-2015,1.844666667
Janjgir_champa,01-05-2015,0.03
Janjgir_champa,01-06-2015,7.519333333
Janjgir_champa,01-07-2015,10.99193548
Janjgir_champa,01-08-2015,10.56387097
Janjgir_champa,01-09-2015,4.351666667
Janjgir_champa,01-10-2015,0.2
Janjgir_champa,01-11-2015,0
Janjgir_champa,01-12-2015,0.092903226
Janjgir_champa,01-01-2016,0.193225806
Janjgir_champa,01-02-2016,0.140689655
Janjgir_champa,01-03-2016,0.424193548
Janjgir_champa,01-04-2016,0.094666667
Janjgir_champa,01-05-2016,0.448387097
Janjgir_champa,01-06-2016,2.951333333
Janjgir_champa,01-07-2016,12.57419355
Janjgir_champa,01-08-2016,14.53612903
Janjgir_champa,01-09-2016,8.690666667
Janjgir_champa,01-10-2016,1.486774194
Janjgir_champa,01-11-2016,0
Janjgir_champa,01-12-2016,0
Janjgir_champa,01-01-2017,0.053870968
Janjgir_champa,01-02-2017,0.0025
Janjgir_champa,01-03-2017,0.168064516
Janjgir_champa,01-04-2017,0.011
Janjgir_champa,01-05-2017,0.460645161
Janjgir_champa,01-06-2017,6.734
Janjgir_champa,01-07-2017,10.2916129
Janjgir_champa,01-08-2017,6.971290323
Janjgir_champa,01-09-2017,6.157666667
Janjgir_champa,01-10-2017,1.449032258
Janjgir_champa,01-11-2017,0.013666667
Janjgir_champa,01-12-2017,0
Janjgir_champa,01-01-2018,0
Janjgir_champa,01-02-2018,0.389285714
Janjgir_champa,01-03-2018,0.000645161
Janjgir_champa,01-04-2018,0.306333333
Janjgir_champa,01-05-2018,1.557096774
Janjgir_champa,01-06-2018,3.349
Janjgir_champa,01-07-2018,11.71064516
Janjgir_champa,01-08-2018,11.16967742
Janjgir_champa,01-09-2018,3.935333333
Janjgir_champa,01-10-2018,0.000322581
Janjgir_champa,01-11-2018,0
Janjgir_champa,01-12-2018,1.856774194
Janjgir_champa,01-01-2019,0.277419355
Janjgir_champa,01-02-2019,0.4025
Janjgir_champa,01-03-2019,0.428387097
Janjgir_champa,01-04-2019,0.235333333
Janjgir_champa,01-05-2019,0.349354839
Janjgir_champa,01-06-2019,3.380666667
Janjgir_champa,01-07-2019,8.338064516
Janjgir_champa,01-08-2019,11.22612903
Janjgir_champa,01-09-2019,12.702
Janjgir_champa,01-10-2019,2.405483871
Janjgir_champa,01-11-2019,0
Janjgir_champa,01-12-2019,0.068064516
Janjgir_champa,01-01-2020,0.980645161
Janjgir_champa,01-02-2020,1.459655172
Janjgir_champa,01-03-2020,2.312580645
Janjgir_champa,01-04-2020,1.141333333
Janjgir_champa,01-05-2020,0.833928571
Janjgir_champa,01-06-2020,7.77
Janjgir_champa,01-07-2020,7.5
Janjgir_champa,01-08-2020,18.04870968
Janjgir_champa,01-09-2020,7.217666667
Janjgir_champa,01-10-2020,2.141612903
Janjgir_champa,01-11-2020,0.236
Janjgir_champa,01-12-2020,0.055483871
Janjgir_champa,01-01-2021,0.162903226
Janjgir_champa,01-02-2021,0.397857143
Janjgir_champa,01-03-2021,0.461935484
Janjgir_champa,01-04-2021,0.003103448
Janjgir_champa,01-05-2021,2.107586207
Janjgir_champa,01-06-2021,8.547083333
Janjgir_champa,01-07-2021,12.1462069
Janjgir_champa,01-08-2021,5.572258065
Janjgir_champa,01-09-2021,10.46166667
Janjgir_champa,01-10-2021,0.961612903
Janjgir_champa,01-11-2021,0.541666667
Janjgir_champa,01-12-2021,1.182580645
Janjgir_champa,01-01-2022,0.900645161
Janjgir_champa,01-02-2022,0.261481481
Janjgir_champa,01-03-2022,0.000333333
Janjgir_champa,01-04-2022,0.128571429
Janjgir_champa,01-05-2022,0.285806452
Janjgir_champa,01-06-2022,7.059
Janjgir_champa,01-07-2022,16.42137931
Janjgir_champa,01-08-2022,15.80064516
Janjgir_champa,01-09-2022,6.036333333
Janjgir_champa,01-10-2022,1.635806452
Janjgir_champa,01-11-2022,0
Janjgir_champa,01-12-2022,0
Janjgir_champa,01-01-2023,0
Janjgir_champa,01-02-2023,0
Janjgir_champa,01-03-2023,0.62516129
Janjgir_champa,01-04-2023,1.305
Janjgir_champa,01-05-2023,0.516451613
Janjgir_champa,01-06-2023,5.023793103
Janjgir_champa,01-07-2023,6.085483871
Janjgir_champa,01-08-2023,9.134193548
Janjgir_champa,01-09-2023,17.39566667
Janjgir_champa,01-10-2023,0.923870968
Janjgir_champa,01-11-2023,0.04
Janjgir_champa,01-12-2023,0.880322581
Jashpur,01-01-2014,0.046451613
Jashpur,01-02-2014,1.631428571
Jashpur,01-03-2014,1.325806452
Jashpur,01-04-2014,0.022666667
Jashpur,01-05-2014,1.106451613
Jashpur,01-06-2014,3.808666667
Jashpur,01-07-2014,10.09225806
Jashpur,01-08-2014,10.23548387
Jashpur,01-09-2014,7.526333333
Jashpur,01-10-2014,1.052580645
Jashpur,01-11-2014,0
Jashpur,01-12-2014,0.009354839
Jashpur,01-01-2015,0.869354839
Jashpur,01-02-2015,0.035
Jashpur,01-03-2015,0.726129032
Jashpur,01-04-2015,0.774333333
Jashpur,01-05-2015,0.526129032
Jashpur,01-06-2015,4.809666667
Jashpur,01-07-2015,17.6683871
Jashpur,01-08-2015,10.31741935
Jashpur,01-09-2015,4.170666667
Jashpur,01-10-2015,1.129677419
Jashpur,01-11-2015,0
Jashpur,01-12-2015,0.036451613
Jashpur,01-01-2016,0.332258065
Jashpur,01-02-2016,0.697586207
Jashpur,01-03-2016,0.651290323
Jashpur,01-04-2016,0.002666667
Jashpur,01-05-2016,0.963548387
Jashpur,01-06-2016,4.531666667
Jashpur,01-07-2016,12.89806452
Jashpur,01-08-2016,10.40935484
Jashpur,01-09-2016,8.029333333
Jashpur,01-10-2016,1.440322581
Jashpur,01-11-2016,0
Jashpur,01-12-2016,0
Jashpur,01-01-2017,0.013870968
Jashpur,01-02-2017,0.058928571
Jashpur,01-03-2017,0.076774194
Jashpur,01-04-2017,0.102666667
Jashpur,01-05-2017,0.582580645
Jashpur,01-06-2017,5.589333333
Jashpur,01-07-2017,17.34903226
Jashpur,01-08-2017,9.255483871
Jashpur,01-09-2017,4.520333333
Jashpur,01-10-2017,0.909354839
Jashpur,01-11-2017,0.006
Jashpur,01-12-2017,0
Jashpur,01-01-2018,0
Jashpur,01-02-2018,0.068928571
Jashpur,01-03-2018,0.038709677
Jashpur,01-04-2018,0.586666667
Jashpur,01-05-2018,1.363548387
Jashpur,01-06-2018,5.550666667
Jashpur,01-07-2018,13.90677419
Jashpur,01-08-2018,8.47
Jashpur,01-09-2018,6.869
Jashpur,01-10-2018,0.153870968
Jashpur,01-11-2018,0
Jashpur,01-12-2018,1.412903226
Jashpur,01-01-2019,0.096451613
Jashpur,01-02-2019,0.824642857
Jashpur,01-03-2019,0.874516129
Jashpur,01-04-2019,1.639333333
Jashpur,01-05-2019,0.551935484
Jashpur,01-06-2019,5.664666667
Jashpur,01-07-2019,9.444516129
Jashpur,01-08-2019,13.34064516
Jashpur,01-09-2019,12.657
Jashpur,01-10-2019,4.661290323
Jashpur,01-11-2019,0.009666667
Jashpur,01-12-2019,0.292258065
Jashpur,01-01-2020,1.172580645
Jashpur,01-02-2020,0.800344828
Jashpur,01-03-2020,2.503548387
Jashpur,01-04-2020,2.02
Jashpur,01-05-2020,2.126428571
Jashpur,01-06-2020,10.79866667
Jashpur,01-07-2020,7.460625
Jashpur,01-08-2020,15.11580645
Jashpur,01-09-2020,7.236
Jashpur,01-10-2020,4.316129032
Jashpur,01-11-2020,0.190333333
Jashpur,01-12-2020,0.042580645
Jashpur,01-01-2021,0.053225806
Jashpur,01-02-2021,0.310357143
Jashpur,01-03-2021,0.486451613
Jashpur,01-04-2021,0.301724138
Jashpur,01-05-2021,4.605172414
Jashpur,01-06-2021,10.96666667
Jashpur,01-07-2021,8.803448276
Jashpur,01-08-2021,5.942258065
Jashpur,01-09-2021,8.604333333
Jashpur,01-10-2021,1.746774194
Jashpur,01-11-2021,2.46
Jashpur,01-12-2021,0.645483871
Jashpur,01-01-2022,1.161290323
Jashpur,01-02-2022,1.954444444
Jashpur,01-03-2022,0.038
Jashpur,01-04-2022,0.208571429
Jashpur,01-05-2022,2.220967742
Jashpur,01-06-2022,3.043333333
Jashpur,01-07-2022,6.982758621
Jashpur,01-08-2022,17.04870968
Jashpur,01-09-2022,7.177
Jashpur,01-10-2022,3.409677419
Jashpur,01-11-2022,0
Jashpur,01-12-2022,0.108709677
Jashpur,01-01-2023,0
Jashpur,01-02-2023,0
Jashpur,01-03-2023,1.098387097
Jashpur,01-04-2023,0.578
Jashpur,01-05-2023,0.303870968
Jashpur,01-06-2023,6.491034483
Jashpur,01-07-2023,6.727096774
Jashpur,01-08-2023,8.909032258
Jashpur,01-09-2023,10.54466667
Jashpur,01-10-2023,2.353870968
Jashpur,01-11-2023,0.285
Jashpur,01-12-2023,1.014193548
Kabeerdham,01-01-2014,0.022258065
Kabeerdham,01-02-2014,0.961071429
Kabeerdham,01-03-2014,1.27516129
Kabeerdham,01-04-2014,0.818333333
Kabeerdham,01-05-2014,0.233225806
Kabeerdham,01-06-2014,4.595
Kabeerdham,01-07-2014,14.4783871
Kabeerdham,01-08-2014,8.457741935
Kabeerdham,01-09-2014,6.154333333
Kabeerdham,01-10-2014,4.023548387
Kabeerdham,01-11-2014,0
Kabeerdham,01-12-2014,0.04
Kabeerdham,01-01-2015,0.550967742
Kabeerdham,01-02-2015,0.04
Kabeerdham,01-03-2015,0.661290323
Kabeerdham,01-04-2015,0.789
Kabeerdham,01-05-2015,0.608709677
Kabeerdham,01-06-2015,7.557666667
Kabeerdham,01-07-2015,7.247096774
Kabeerdham,01-08-2015,9.118387097
Kabeerdham,01-09-2015,6.758666667
Kabeerdham,01-10-2015,0.362258065
Kabeerdham,01-11-2015,0
Kabeerdham,01-12-2015,0.001290323
Kabeerdham,01-01-2016,0.596129032
Kabeerdham,01-02-2016,0.151034483
Kabeerdham,01-03-2016,0.595806452
Kabeerdham,01-04-2016,0.078
Kabeerdham,01-05-2016,0.44
Kabeerdham,01-06-2016,3.849
Kabeerdham,01-07-2016,8.808709677
Kabeerdham,01-08-2016,8.580322581
Kabeerdham,01-09-2016,7.092333333
Kabeerdham,01-10-2016,1.525483871
Kabeerdham,01-11-2016,0
Kabeerdham,01-12-2016,0
Kabeerdham,01-01-2017,0.06516129
Kabeerdham,01-02-2017,0.06
Kabeerdham,01-03-2017,0.097096774
Kabeerdham,01-04-2017,0
Kabeerdham,01-05-2017,1.056451613
Kabeerdham,01-06-2017,6.422666667
Kabeerdham,01-07-2017,9.700322581
Kabeerdham,01-08-2017,13.56451613
Kabeerdham,01-09-2017,4.591666667
Kabeerdham,01-10-2017,0.862580645
Kabeerdham,01-11-2017,0.012
Kabeerdham,01-12-2017,0
Kabeerdham,01-01-2018,0
Kabeerdham,01-02-2018,0.599642857
Kabeerdham,01-03-2018,0.012903226
Kabeerdham,01-04-2018,1.212333333
Kabeerdham,01-05-2018,0.542580645
Kabeerdham,01-06-2018,5.24
Kabeerdham,01-07-2018,12.06387097
Kabeerdham,01-08-2018,9.423225806
Kabeerdham,01-09-2018,2.692666667
Kabeerdham,01-10-2018,0.137741935
Kabeerdham,01-11-2018,0
Kabeerdham,01-12-2018,1.269677419
Kabeerdham,01-01-2019,0.591935484
Kabeerdham,01-02-2019,0.623214286
Kabeerdham,01-03-2019,0.942903226
Kabeerdham,01-04-2019,0.092
Kabeerdham,01-05-2019,0.132258065
Kabeerdham,01-06-2019,3.567666667
Kabeerdham,01-07-2019,8.552903226
Kabeerdham,01-08-2019,13.5383871
Kabeerdham,01-09-2019,10.788
Kabeerdham,01-10-2019,0.958387097
Kabeerdham,01-11-2019,0.002666667
Kabeerdham,01-12-2019,0.102580645
Kabeerdham,01-01-2020,2.556129032
Kabeerdham,01-02-2020,2.014827586
Kabeerdham,01-03-2020,2.136774194
Kabeerdham,01-04-2020,1.063666667
Kabeerdham,01-05-2020,1.345357143
Kabeerdham,01-06-2020,7.745
Kabeerdham,01-07-2020,7.715625
Kabeerdham,01-08-2020,17.54129032
Kabeerdham,01-09-2020,5.166
Kabeerdham,01-10-2020,1.429677419
Kabeerdham,01-11-2020,0.11
Kabeerdham,01-12-2020,0.073870968
Kabeerdham,01-01-2021,0.247419355
Kabeerdham,01-02-2021,0.787857143
Kabeerdham,01-03-2021,0.151290323
Kabeerdham,01-04-2021,0.116551724
Kabeerdham,01-05-2021,1.895862069
Kabeerdham,01-06-2021,7.057916667
Kabeerdham,01-07-2021,12.66275862
Kabeerdham,01-08-2021,5.718387097
Kabeerdham,01-09-2021,12.82333333
Kabeerdham,01-10-2021,1.853548387
Kabeerdham,01-11-2021,0.166333333
Kabeerdham,01-12-2021,1.402580645
Kabeerdham,01-01-2022,0.797741935
Kabeerdham,01-02-2022,0.639259259
Kabeerdham,01-03-2022,0.080666667
Kabeerdham,01-04-2022,0.054642857
Kabeerdham,01-05-2022,0.206774194
Kabeerdham,01-06-2022,6.176
Kabeerdham,01-07-2022,12.08413793
Kabeerdham,01-08-2022,12.06387097
Kabeerdham,01-09-2022,5.392333333
Kabeerdham,01-10-2022,2.446129032
Kabeerdham,01-11-2022,0
Kabeerdham,01-12-2022,0
Kabeerdham,01-01-2023,0
Kabeerdham,01-02-2023,0
Kabeerdham,01-03-2023,1.427741935
Kabeerdham,01-04-2023,1.376333333
Kabeerdham,01-05-2023,1.355483871
Kabeerdham,01-06-2023,4.677241379
Kabeerdham,01-07-2023,7.634193548
Kabeerdham,01-08-2023,6.864193548
Kabeerdham,01-09-2023,13.282
Kabeerdham,01-10-2023,0.297741935
Kabeerdham,01-11-2023,0.269333333
Kabeerdham,01-12-2023,0.890322581
Korba,01-01-2014,0.021935484
Korba,01-02-2014,1.694285714
Korba,01-03-2014,1.03483871
Korba,01-04-2014,0.197333333
Korba,01-05-2014,0.259354839
Korba,01-06-2014,2.81
Korba,01-07-2014,12.04451613
Korba,01-08-2014,13.67129032
Korba,01-09-2014,6.014666667
Korba,01-10-2014,2.51516129
Korba,01-11-2014,0
Korba,01-12-2014,0.028709677
Korba,01-01-2015,0.203548387
Korba,01-02-2015,0.029285714
Korba,01-03-2015,0.664193548
Korba,01-04-2015,1.386
Korba,01-05-2015,0.017096774
Korba,01-06-2015,5.208
Korba,01-07-2015,11.96354839
Korba,01-08-2015,11.07709677
Korba,01-09-2015,4.108666667
Korba,01-10-2015,0.655806452
Korba,01-11-2015,0
Korba,01-12-2015,0.002258065
Korba,01-01-2016,0.391935484
Korba,01-02-2016,0.586896552
Korba,01-03-2016,0.94516129
Korba,01-04-2016,0.045
Korba,01-05-2016,0.651290323
Korba,01-06-2016,2.708
Korba,01-07-2016,12.44806452
Korba,01-08-2016,12.74548387
Korba,01-09-2016,12.55233333
Korba,01-10-2016,1.145806452
Korba,01-11-2016,0
Korba,01-12-2016,0
Korba,01-01-2017,0.140645161
Korba,01-02-2017,0.133571429
Korba,01-03-2017,0.093870968
Korba,01-04-2017,0.016333333
Korba,01-05-2017,0.463870968
Korba,01-06-2017,5.386333333
Korba,01-07-2017,14.31548387
Korba,01-08-2017,7.756774194
Korba,01-09-2017,7.485333333
Korba,01-10-2017,1.358064516
Korba,01-11-2017,0.046
Korba,01-12-2017,0
Korba,01-01-2018,0
Korba,01-02-2018,0.421428571
Korba,01-03-2018,0.001935484
Korba,01-04-2018,0.677
Korba,01-05-2018,1.233548387
Korba,01-06-2018,4.672333333
Korba,01-07-2018,11.57935484
Korba,01-08-2018,10.39419355
Korba,01-09-2018,4.202333333
Korba,01-10-2018,0.033225806
Korba,01-11-2018,0
Korba,01-12-2018,1.322258065
Korba,01-01-2019,0.454193548
Korba,01-02-2019,0.440714286
Korba,01-03-2019,0.439677419
Korba,01-04-2019,0.346666667
Korba,01-05-2019,0.170645161
Korba,01-06-2019,3.459333333
Korba,01-07-2019,8.149354839
Korba,01-08-2019,12.73225806
Korba,01-09-2019,13.277
Korba,01-10-2019,3.717741935
Korba,01-11-2019,0.001666667
Korba,01-12-2019,0.152580645
Korba,01-01-2020,1.854193548
Korba,01-02-2020,1.324482759
Korba,01-03-2020,2.585483871
Korba,01-04-2020,0.986
Korba,01-05-2020,0.418214286
Korba,01-06-2020,12.27933333
Korba,01-07-2020,7.36625
Korba,01-08-2020,16.3916129
Korba,01-09-2020,5.820333333
Korba,01-10-2020,2.072580645
Korba,01-11-2020,0.339
Korba,01-12-2020,0.206129032
Korba,01-01-2021,0.153548387
Korba,01-02-2021,0.592142857
Korba,01-03-2021,0.28483871
Korba,01-04-2021,0.060689655
Korba,01-05-2021,2.853793103
Korba,01-06-2021,12.03541667
Korba,01-07-2021,13.89862069
Korba,01-08-2021,7.760645161
Korba,01-09-2021,10.31933333
Korba,01-10-2021,1.251612903
Korba,01-11-2021,0.695
Korba,01-12-2021,0.962258065
Korba,01-01-2022,0.939032258
Korba,01-02-2022,0.954814815
Korba,01-03-2022,0.014
Korba,01-04-2022,0.020714286
Korba,01-05-2022,0.702903226
Korba,01-06-2022,5.656
Korba,01-07-2022,9.975517241
Korba,01-08-2022,12.71677419
Korba,01-09-2022,8.191666667
Korba,01-10-2022,2.317741935
Korba,01-11-2022,0
Korba,01-12-2022,0.012258065
Korba,01-01-2023,0
Korba,01-02-2023,0
Korba,01-03-2023,0.643225806
Korba,01-04-2023,0.966666667
Korba,01-05-2023,0.879677419
Korba,01-06-2023,6.734827586
Korba,01-07-2023,6.217419355
Korba,01-08-2023,10.18354839
Korba,01-09-2023,10.38266667
Korba,01-10-2023,1.086774194
Korba,01-11-2023,0.045
Korba,01-12-2023,NaN
Koriya,01-01-2014,0.074516129
Koriya,01-02-2014,3.412857143
Koriya,01-03-2014,0.699677419
Koriya,01-04-2014,0.591666667
Koriya,01-05-2014,0.069354839
Koriya,01-06-2014,5.325
Koriya,01-07-2014,10.44516129
Koriya,01-08-2014,11.76935484
Koriya,01-09-2014,6.599666667
Koriya,01-10-2014,2.698387097
Koriya,01-11-2014,0
Koriya,01-12-2014,0.080967742
Koriya,01-01-2015,0.697096774
Koriya,01-02-2015,0.109285714
Koriya,01-03-2015,0.895806452
Koriya,01-04-2015,0.32
Koriya,01-05-2015,0.032258065
Koriya,01-06-2015,2.743333333
Koriya,01-07-2015,9.182580645
Koriya,01-08-2015,6.376129032
Koriya,01-09-2015,3.647
Koriya,01-10-2015,1.517419355
Koriya,01-11-2015,0
Koriya,01-12-2015,0.002580645
Koriya,01-01-2016,0.511612903
Koriya,01-02-2016,0.086206897
Koriya,01-03-2016,1.032903226
Koriya,01-04-2016,0.005333333
Koriya,01-05-2016,0.22516129
Koriya,01-06-2016,2.281
Koriya,01-07-2016,9.631290323
Koriya,01-08-2016,13.99387097
Koriya,01-09-2016,6.822666667
Koriya,01-10-2016,1.38516129
Koriya,01-11-2016,0
Koriya,01-12-2016,0
Koriya,01-01-2017,0.012580645
Koriya,01-02-2017,0.1425
Koriya,01-03-2017,0.084516129
Koriya,01-04-2017,0
Koriya,01-05-2017,0.058387097
Koriya,01-06-2017,2.888333333
Koriya,01-07-2017,13.30322581
Koriya,01-08-2017,5.988387097
Koriya,01-09-2017,4.409666667
Koriya,01-10-2017,0.734193548
Koriya,01-11-2017,0.001
Koriya,01-12-2017,0
Koriya,01-01-2018,0
Koriya,01-02-2018,0.336428571
Koriya,01-03-2018,0.000322581
Koriya,01-04-2018,0.465333333
Koriya,01-05-2018,0.797741935
Koriya,01-06-2018,3.820333333
Koriya,01-07-2018,12.49516129
Koriya,01-08-2018,9.793225806
Koriya,01-09-2018,5.295666667
Koriya,01-10-2018,0.060322581
Koriya,01-11-2018,0.000333333
Koriya,01-12-2018,0.582580645
Koriya,01-01-2019,0.537741935
Koriya,01-02-2019,0.673928571
Koriya,01-03-2019,0.988064516
Koriya,01-04-2019,0.089666667
Koriya,01-05-2019,0.173225806
Koriya,01-06-2019,2.250333333
Koriya,01-07-2019,11.31064516
Koriya,01-08-2019,14.34032258
Koriya,01-09-2019,8.012666667
Koriya,01-10-2019,1.730322581
Koriya,01-11-2019,0.030333333
Koriya,01-12-2019,0.624516129
Koriya,01-01-2020,1.322903226
Koriya,01-02-2020,0.695862069
Koriya,01-03-2020,2.435483871
Koriya,01-04-2020,0.439666667
Koriya,01-05-2020,1.202857143
Koriya,01-06-2020,10.93366667
Koriya,01-07-2020,7.956875
Koriya,01-08-2020,13.80967742
Koriya,01-09-2020,4.374333333
Koriya,01-10-2020,4.238387097
Koriya,01-11-2020,0.178333333
Koriya,01-12-2020,0.013225806
Koriya,01-01-2021,0.049032258
Koriya,01-02-2021,0.5625
Koriya,01-03-2021,0.146129032
Koriya,01-04-2021,0.015862069
Koriya,01-05-2021,3.533103448
Koriya,01-06-2021,7.005
Koriya,01-07-2021,9.664137931
Koriya,01-08-2021,9.557419355
Koriya,01-09-2021,8.013666667
Koriya,01-10-2021,0.775483871
Koriya,01-11-2021,0.073
Koriya,01-12-2021,0.570645161
Koriya,01-01-2022,0.773225806
Koriya,01-02-2022,0.555925926
Koriya,01-03-2022,0.088333333
Koriya,01-04-2022,0.000714286
Koriya,01-05-2022,0.275806452
Koriya,01-06-2022,4.445333333
Koriya,01-07-2022,6.458965517
Koriya,01-08-2022,12.37677419
Koriya,01-09-2022,7.409
Koriya,01-10-2022,2.555483871
Koriya,01-11-2022,0
Koriya,01-12-2022,0.099677419
Koriya,01-01-2023,0
Koriya,01-02-2023,0
Koriya,01-03-2023,0.659032258
Koriya,01-04-2023,0.618666667
Koriya,01-05-2023,1.06516129
Koriya,01-06-2023,6.574482759
Koriya,01-07-2023,6.479354839
Koriya,01-08-2023,8.409032258
Koriya,01-09-2023,5.887333333
Koriya,01-10-2023,2.364193548
Koriya,01-11-2023,0.025333333
Koriya,01-12-2023,0.847096774
Mahasamund,01-01-2014,0
Mahasamund,01-02-2014,0.6425
Mahasamund,01-03-2014,0.382258065
Mahasamund,01-04-2014,0.041
Mahasamund,01-05-2014,3.202580645
Mahasamund,01-06-2014,3.916666667
Mahasamund,01-07-2014,23.84709677
Mahasamund,01-08-2014,14.20258065
Mahasamund,01-09-2014,9.704333333
Mahasamund,01-10-2014,1.399677419
Mahasamund,01-11-2014,0
Mahasamund,01-12-2014,0.004193548
Mahasamund,01-01-2015,0.04516129
Mahasamund,01-02-2015,0.076785714
Mahasamund,01-03-2015,0.223548387
Mahasamund,01-04-2015,2.785
Mahasamund,01-05-2015,0.12483871
Mahasamund,01-06-2015,10.62533333
Mahasamund,01-07-2015,7.565483871
Mahasamund,01-08-2015,9.212258065
Mahasamund,01-09-2015,4.212333333
Mahasamund,01-10-2015,0.102258065
Mahasamund,01-11-2015,0
Mahasamund,01-12-2015,0.093870968
Mahasamund,01-01-2016,0.208064516
Mahasamund,01-02-2016,0.259655172
Mahasamund,01-03-2016,0.49
Mahasamund,01-04-2016,0.135333333
Mahasamund,01-05-2016,0.512903226
Mahasamund,01-06-2016,3.700333333
Mahasamund,01-07-2016,8.430645161
Mahasamund,01-08-2016,6.549354839
Mahasamund,01-09-2016,9.710666667
Mahasamund,01-10-2016,2.092258065
Mahasamund,01-11-2016,0.000333333
Mahasamund,01-12-2016,0
Mahasamund,01-01-2017,0.031612903
Mahasamund,01-02-2017,0
Mahasamund,01-03-2017,0.225483871
Mahasamund,01-04-2017,0
Mahasamund,01-05-2017,0.211612903
Mahasamund,01-06-2017,5.547666667
Mahasamund,01-07-2017,8.744516129
Mahasamund,01-08-2017,7.458709677
Mahasamund,01-09-2017,5.378666667
Mahasamund,01-10-2017,2.678387097
Mahasamund,01-11-2017,0.021666667
Mahasamund,01-12-2017,0
Mahasamund,01-01-2018,0
Mahasamund,01-02-2018,0.227142857
Mahasamund,01-03-2018,0.000645161
Mahasamund,01-04-2018,0.383
Mahasamund,01-05-2018,2.023225806
Mahasamund,01-06-2018,3.981333333
Mahasamund,01-07-2018,13.23483871
Mahasamund,01-08-2018,12.23806452
Mahasamund,01-09-2018,4.855666667
Mahasamund,01-10-2018,0.065806452
Mahasamund,01-11-2018,0
Mahasamund,01-12-2018,2.46
Mahasamund,01-01-2019,0.13
Mahasamund,01-02-2019,0.535714286
Mahasamund,01-03-2019,0.745806452
Mahasamund,01-04-2019,0.560333333
Mahasamund,01-05-2019,0.457096774
Mahasamund,01-06-2019,4.274
Mahasamund,01-07-2019,11.69129032
Mahasamund,01-08-2019,12.60322581
Mahasamund,01-09-2019,12.355
Mahasamund,01-10-2019,1.820967742
Mahasamund,01-11-2019,0
Mahasamund,01-12-2019,0.062580645
Mahasamund,01-01-2020,0.349032258
Mahasamund,01-02-2020,3.283103448
Mahasamund,01-03-2020,1.642903226
Mahasamund,01-04-2020,1.060333333
Mahasamund,01-05-2020,1.656071429
Mahasamund,01-06-2020,11.17433333
Mahasamund,01-07-2020,11.178125
Mahasamund,01-08-2020,17.52677419
Mahasamund,01-09-2020,3.596
Mahasamund,01-10-2020,1.664516129
Mahasamund,01-11-2020,0.003
Mahasamund,01-12-2020,0
Mahasamund,01-01-2021,0.062258065
Mahasamund,01-02-2021,0.056428571
Mahasamund,01-03-2021,0.143225806
Mahasamund,01-04-2021,0.025517241
Mahasamund,01-05-2021,1.16
Mahasamund,01-06-2021,6.096666667
Mahasamund,01-07-2021,10.16724138
Mahasamund,01-08-2021,3.762903226
Mahasamund,01-09-2021,11.71533333
Mahasamund,01-10-2021,0.722580645
Mahasamund,01-11-2021,0.389
Mahasamund,01-12-2021,2.363225806
Mahasamund,01-01-2022,1.020645161
Mahasamund,01-02-2022,0.101111111
Mahasamund,01-03-2022,0.000333333
Mahasamund,01-04-2022,0.538928571
Mahasamund,01-05-2022,0.714193548
Mahasamund,01-06-2022,2.993
Mahasamund,01-07-2022,13.57344828
Mahasamund,01-08-2022,14.25419355
Mahasamund,01-09-2022,4.75
Mahasamund,01-10-2022,1.898064516
Mahasamund,01-11-2022,0
Mahasamund,01-12-2022,0.005483871
Mahasamund,01-01-2023,0
Mahasamund,01-02-2023,0
Mahasamund,01-03-2023,1.318064516
Mahasamund,01-04-2023,1.594
Mahasamund,01-05-2023,0.901290323
Mahasamund,01-06-2023,7.54137931
Mahasamund,01-07-2023,8.908387097
Mahasamund,01-08-2023,9.242580645
Mahasamund,01-09-2023,10.617
Mahasamund,01-10-2023,1.066451613
Mahasamund,01-11-2023,0.023666667
Mahasamund,01-12-2023,1.1
Narayanpur,01-01-2014,0
Narayanpur,01-02-2014,0
Narayanpur,01-03-2014,0.687096774
Narayanpur,01-04-2014,0.997
Narayanpur,01-05-2014,0.101935484
Narayanpur,01-06-2014,3.112333333
Narayanpur,01-07-2014,15.52
Narayanpur,01-08-2014,11.23870968
Narayanpur,01-09-2014,10.06566667
Narayanpur,01-10-2014,4.031612903
Narayanpur,01-11-2014,0.36
Narayanpur,01-12-2014,0
Narayanpur,01-01-2015,0.811290323
Narayanpur,01-02-2015,0.001071429
Narayanpur,01-03-2015,0.212580645
Narayanpur,01-04-2015,1.247333333
Narayanpur,01-05-2015,0.318709677
Narayanpur,01-06-2015,12.629
Narayanpur,01-07-2015,5.626774194
Narayanpur,01-08-2015,10.88129032
Narayanpur,01-09-2015,10.246
Narayanpur,01-10-2015,0.51516129
Narayanpur,01-11-2015,0
Narayanpur,01-12-2015,0.005806452
Narayanpur,01-01-2016,0.027096774
Narayanpur,01-02-2016,0
Narayanpur,01-03-2016,1.063225806
Narayanpur,01-04-2016,0.263666667
Narayanpur,01-05-2016,1.385483871
Narayanpur,01-06-2016,9.706666667
Narayanpur,01-07-2016,13.50096774
Narayanpur,01-08-2016,15.43612903
Narayanpur,01-09-2016,10.54366667
Narayanpur,01-10-2016,4.579032258
Narayanpur,01-11-2016,0
Narayanpur,01-12-2016,0
Narayanpur,01-01-2017,0
Narayanpur,01-02-2017,0
Narayanpur,01-03-2017,0.301290323
Narayanpur,01-04-2017,0.217333333
Narayanpur,01-05-2017,1.127741935
Narayanpur,01-06-2017,8.483
Narayanpur,01-07-2017,10.46129032
Narayanpur,01-08-2017,9.351935484
Narayanpur,01-09-2017,5.365666667
Narayanpur,01-10-2017,3.463870968
Narayanpur,01-11-2017,0
Narayanpur,01-12-2017,0
Narayanpur,01-01-2018,0
Narayanpur,01-02-2018,0.033571429
Narayanpur,01-03-2018,0.033870968
Narayanpur,01-04-2018,2.094333333
Narayanpur,01-05-2018,2.357741935
Narayanpur,01-06-2018,8.348666667
Narayanpur,01-07-2018,11.43354839
Narayanpur,01-08-2018,16.99935484
Narayanpur,01-09-2018,3.667333333
Narayanpur,01-10-2018,0.078064516
Narayanpur,01-11-2018,0
Narayanpur,01-12-2018,1.819032258
Narayanpur,01-01-2019,0.36
Narayanpur,01-02-2019,0.278214286
Narayanpur,01-03-2019,0.000322581
Narayanpur,01-04-2019,0.406333333
Narayanpur,01-05-2019,1.29516129
Narayanpur,01-06-2019,6.725666667
Narayanpur,01-07-2019,15.65225806
Narayanpur,01-08-2019,14.32064516
Narayanpur,01-09-2019,15.47033333
Narayanpur,01-10-2019,7.709354839
Narayanpur,01-11-2019,0.051
Narayanpur,01-12-2019,0.000645161
Narayanpur,01-01-2020,1.488387097
Narayanpur,01-02-2020,1.066551724
Narayanpur,01-03-2020,0.699354839
Narayanpur,01-04-2020,0.968666667
Narayanpur,01-05-2020,1.494642857
Narayanpur,01-06-2020,9.044
Narayanpur,01-07-2020,14.3525
Narayanpur,01-08-2020,18.4916129
Narayanpur,01-09-2020,8.183
Narayanpur,01-10-2020,3.283548387
Narayanpur,01-11-2020,0.016
Narayanpur,01-12-2020,0
Narayanpur,01-01-2021,0
Narayanpur,01-02-2021,1.099642857
Narayanpur,01-03-2021,0.024193548
Narayanpur,01-04-2021,1.282758621
Narayanpur,01-05-2021,2.892758621
Narayanpur,01-06-2021,6.030833333
Narayanpur,01-07-2021,10.64137931
Narayanpur,01-08-2021,9.416774194
Narayanpur,01-09-2021,8.793666667
Narayanpur,01-10-2021,1.44
Narayanpur,01-11-2021,1.582333333
Narayanpur,01-12-2021,0.050645161
Narayanpur,01-01-2022,3.146451613
Narayanpur,01-02-2022,0.034074074
Narayanpur,01-03-2022,0
Narayanpur,01-04-2022,0.692857143
Narayanpur,01-05-2022,1.211935484
Narayanpur,01-06-2022,4.892333333
Narayanpur,01-07-2022,18.81517241
Narayanpur,01-08-2022,16.25774194
Narayanpur,01-09-2022,5.866333333
Narayanpur,01-10-2022,1.911290323
Narayanpur,01-11-2022,0
Narayanpur,01-12-2022,0.118064516
Narayanpur,01-01-2023,0
Narayanpur,01-02-2023,0
Narayanpur,01-03-2023,1.29
Narayanpur,01-04-2023,1.693
Narayanpur,01-05-2023,1.94483871
Narayanpur,01-06-2023,3.682413793
Narayanpur,01-07-2023,13.78387097
Narayanpur,01-08-2023,7.132903226
Narayanpur,01-09-2023,11.37566667
Narayanpur,01-10-2023,0.295806452
Narayanpur,01-11-2023,0.503
Narayanpur,01-12-2023,0.894516129
Raigarh,01-01-2014,0.008709677
Raigarh,01-02-2014,1.040714286
Raigarh,01-03-2014,0.736451613
Raigarh,01-04-2014,0.118
Raigarh,01-05-2014,2.274516129
Raigarh,01-06-2014,4.342666667
Raigarh,01-07-2014,13.98451613
Raigarh,01-08-2014,12.95354839
Raigarh,01-09-2014,7.140333333
Raigarh,01-10-2014,1.138064516
Raigarh,01-11-2014,0
Raigarh,01-12-2014,0.012258065
Raigarh,01-01-2015,0.227419355
Raigarh,01-02-2015,0.022142857
Raigarh,01-03-2015,0.246774194
Raigarh,01-04-2015,1.202
Raigarh,01-05-2015,0.370322581
Raigarh,01-06-2015,8.289333333
Raigarh,01-07-2015,14.99387097
Raigarh,01-08-2015,13.18612903
Raigarh,01-09-2015,5.691333333
Raigarh,01-10-2015,0.76483871
Raigarh,01-11-2015,0
Raigarh,01-12-2015,0.381935484
Raigarh,01-01-2016,0.066774194
Raigarh,01-02-2016,0.241034483
Raigarh,01-03-2016,0.272580645
Raigarh,01-04-2016,0.058
Raigarh,01-05-2016,0.262580645
Raigarh,01-06-2016,5.205666667
Raigarh,01-07-2016,12.60419355
Raigarh,01-08-2016,12.48419355
Raigarh,01-09-2016,8.988333333
Raigarh,01-10-2016,1.534193548
Raigarh,01-11-2016,0
Raigarh,01-12-2016,0
Raigarh,01-01-2017,0.158709677
Raigarh,01-02-2017,0.02
Raigarh,01-03-2017,0.19483871
Raigarh,01-04-2017,0.101333333
Raigarh,01-05-2017,0.677096774
Raigarh,01-06-2017,7.782
Raigarh,01-07-2017,13.76451613
Raigarh,01-08-2017,7.882258065
Raigarh,01-09-2017,6.585666667
Raigarh,01-10-2017,1.491612903
Raigarh,01-11-2017,0.034666667
Raigarh,01-12-2017,0
Raigarh,01-01-2018,0
Raigarh,01-02-2018,0.104642857
Raigarh,01-03-2018,0.019677419
Raigarh,01-04-2018,0.408333333
Raigarh,01-05-2018,1.813225806
Raigarh,01-06-2018,4.315333333
Raigarh,01-07-2018,12.35322581
Raigarh,01-08-2018,11.09129032
Raigarh,01-09-2018,5.185333333
Raigarh,01-10-2018,0.008387097
Raigarh,01-11-2018,0
Raigarh,01-12-2018,2.287096774
Raigarh,01-01-2019,0.263548387
Raigarh,01-02-2019,0.766785714
Raigarh,01-03-2019,0.628709677
Raigarh,01-04-2019,0.561
Raigarh,01-05-2019,0.284193548
Raigarh,01-06-2019,3.701
Raigarh,01-07-2019,9.84
Raigarh,01-08-2019,15.3316129
Raigarh,01-09-2019,14.59766667
Raigarh,01-10-2019,3.033870968
Raigarh,01-11-2019,0.017666667
Raigarh,01-12-2019,0.070967742
Raigarh,01-01-2020,1.077419355
Raigarh,01-02-2020,1.770344828
Raigarh,01-03-2020,3.266774194
Raigarh,01-04-2020,1.573333333
Raigarh,01-05-2020,1.007142857
Raigarh,01-06-2020,10.61833333
Raigarh,01-07-2020,6.1275
Raigarh,01-08-2020,18.23870968
Raigarh,01-09-2020,5.674666667
Raigarh,01-10-2020,1.722258065
Raigarh,01-11-2020,0.161333333
Raigarh,01-12-2020,0.001290323
Raigarh,01-01-2021,0.170322581
Raigarh,01-02-2021,0.329285714
Raigarh,01-03-2021,0.508064516
Raigarh,01-04-2021,0.120344828
Raigarh,01-05-2021,3.216206897
Raigarh,01-06-2021,8.081666667
Raigarh,01-07-2021,9.411724138
Raigarh,01-08-2021,4.822580645
Raigarh,01-09-2021,9.083333333
Raigarh,01-10-2021,1.184516129
Raigarh,01-11-2021,1.128
Raigarh,01-12-2021,1.74483871
Raigarh,01-01-2022,1.216129032
Raigarh,01-02-2022,0.821851852
Raigarh,01-03-2022,0.001
Raigarh,01-04-2022,0.058571429
Raigarh,01-05-2022,0.902258065
Raigarh,01-06-2022,3.147666667
Raigarh,01-07-2022,12.05
Raigarh,01-08-2022,15.51032258
Raigarh,01-09-2022,6.628
Raigarh,01-10-2022,2.619032258
Raigarh,01-11-2022,0
Raigarh,01-12-2022,0.000322581
Raigarh,01-01-2023,0
Raigarh,01-02-2023,0
Raigarh,01-03-2023,0.660322581
Raigarh,01-04-2023,0.969333333
Raigarh,01-05-2023,0.450967742
Raigarh,01-06-2023,7.595517241
Raigarh,01-07-2023,7.198709677
Raigarh,01-08-2023,9.163870968
Raigarh,01-09-2023,11.20533333
Raigarh,01-10-2023,1.951612903
Raigarh,01-11-2023,0.128666667
Raigarh,01-12-2023,1.053870968
Raipur,01-01-2014,0.000322581
Raipur,01-02-2014,1.016785714
Raipur,01-03-2014,0.632580645
Raipur,01-04-2014,0.185333333
Raipur,01-05-2014,2.358064516
Raipur,01-06-2014,4.127
Raipur,01-07-2014,16.56419355
Raipur,01-08-2014,10.76387097
Raipur,01-09-2014,8.564
Raipur,01-10-2014,1.473548387
Raipur,01-11-2014,0
Raipur,01-12-2014,0.001935484
Raipur,01-01-2015,0.241935484
Raipur,01-02-2015,0.002142857
Raipur,01-03-2015,0.272903226
Raipur,01-04-2015,2.085
Raipur,01-05-2015,0.364516129
Raipur,01-06-2015,8.954666667
Raipur,01-07-2015,7.628387097
Raipur,01-08-2015,7.786774194
Raipur,01-09-2015,7.142
Raipur,01-10-2015,0.112258065
Raipur,01-11-2015,0
Raipur,01-12-2015,0.068387097
Raipur,01-01-2016,0.197741935
Raipur,01-02-2016,0.124482759
Raipur,01-03-2016,0.337096774
Raipur,01-04-2016,0.202333333
Raipur,01-05-2016,0.437741935
Raipur,01-06-2016,4.031
Raipur,01-07-2016,10.42677419
Raipur,01-08-2016,6.682580645
Raipur,01-09-2016,9.159333333
Raipur,01-10-2016,1.999354839
Raipur,01-11-2016,0
Raipur,01-12-2016,0
Raipur,01-01-2017,0.006774194
Raipur,01-02-2017,0
Raipur,01-03-2017,0.172903226
Raipur,01-04-2017,0.001333333
Raipur,01-05-2017,0.185806452
Raipur,01-06-2017,5.232
Raipur,01-07-2017,7.33
Raipur,01-08-2017,8.185483871
Raipur,01-09-2017,6.003
Raipur,01-10-2017,2.694516129
Raipur,01-11-2017,0.005666667
Raipur,01-12-2017,0
Raipur,01-01-2018,0
Raipur,01-02-2018,0.403928571
Raipur,01-03-2018,0.001612903
Raipur,01-04-2018,0.701333333
Raipur,01-05-2018,1.491290323
Raipur,01-06-2018,4.041666667
Raipur,01-07-2018,11.52903226
Raipur,01-08-2018,13.6216129
Raipur,01-09-2018,4.286333333
Raipur,01-10-2018,0.051935484
Raipur,01-11-2018,0
Raipur,01-12-2018,2.01
Raipur,01-01-2019,0.502903226
Raipur,01-02-2019,0.49
Raipur,01-03-2019,0.461612903
Raipur,01-04-2019,0.378666667
Raipur,01-05-2019,0.204516129
Raipur,01-06-2019,4.380333333
Raipur,01-07-2019,9.667419355
Raipur,01-08-2019,10.68483871
Raipur,01-09-2019,11.31766667
Raipur,01-10-2019,1.952580645
Raipur,01-11-2019,0.011333333
Raipur,01-12-2019,0.019677419
Raipur,01-01-2020,0.591612903
Raipur,01-02-2020,2.096551724
Raipur,01-03-2020,1.955483871
Raipur,01-04-2020,0.942666667
Raipur,01-05-2020,1.638214286
Raipur,01-06-2020,8.803666667
Raipur,01-07-2020,9.595625
Raipur,01-08-2020,12.80741935
Raipur,01-09-2020,3.886
Raipur,01-10-2020,1.949354839
Raipur,01-11-2020,0.067
Raipur,01-12-2020,0.006129032
Raipur,01-01-2021,0.093225806
Raipur,01-02-2021,0.105714286
Raipur,01-03-2021,0.142258065
Raipur,01-04-2021,0.084137931
Raipur,01-05-2021,1.581724138
Raipur,01-06-2021,7.64
Raipur,01-07-2021,9.715172414
Raipur,01-08-2021,4.083548387
Raipur,01-09-2021,10.014
Raipur,01-10-2021,0.657741935
Raipur,01-11-2021,0.323666667
Raipur,01-12-2021,1.441612903
Raipur,01-01-2022,1.232903226
Raipur,01-02-2022,0.042962963
Raipur,01-03-2022,0.000333333
Raipur,01-04-2022,0.314285714
Raipur,01-05-2022,0.552580645
Raipur,01-06-2022,4.492
Raipur,01-07-2022,13.20586207
Raipur,01-08-2022,14.89096774
Raipur,01-09-2022,4.916333333
Raipur,01-10-2022,1.692903226
Raipur,01-11-2022,0
Raipur,01-12-2022,0.018064516
Raipur,01-01-2023,0.000666667
Raipur,01-02-2023,0
Raipur,01-03-2023,0.966451613
Raipur,01-04-2023,1.75
Raipur,01-05-2023,1.127096774
Raipur,01-06-2023,5.924827586
Raipur,01-07-2023,9.260645161
Raipur,01-08-2023,7.784193548
Raipur,01-09-2023,12.447
Raipur,01-10-2023,0.483548387
Raipur,01-11-2023,0.061
Raipur,01-12-2023,1.003225806
RajnandGaon,01-01-2014,0.000967742
RajnandGaon,01-02-2014,0.957857143
RajnandGaon,01-03-2014,0.640322581
RajnandGaon,01-04-2014,0.442
RajnandGaon,01-05-2014,0.634516129
RajnandGaon,01-06-2014,3.165
RajnandGaon,01-07-2014,16.71451613
RajnandGaon,01-08-2014,7.158064516
RajnandGaon,01-09-2014,7.794333333
RajnandGaon,01-10-2014,2.523225806
RajnandGaon,01-11-2014,0
RajnandGaon,01-12-2014,0.002258065
RajnandGaon,01-01-2015,0.563225806
RajnandGaon,01-02-2015,0.025
RajnandGaon,01-03-2015,0.984516129
RajnandGaon,01-04-2015,1.158666667
RajnandGaon,01-05-2015,0.524516129
RajnandGaon,01-06-2015,7.782
RajnandGaon,01-07-2015,6.168709677
RajnandGaon,01-08-2015,6.390645161
RajnandGaon,01-09-2015,6.819333333
RajnandGaon,01-10-2015,0.065806452
RajnandGaon,01-11-2015,0
RajnandGaon,01-12-2015,0.069032258
RajnandGaon,01-01-2016,0.266451613
RajnandGaon,01-02-2016,0.026896552
RajnandGaon,01-03-2016,1.293870968
RajnandGaon,01-04-2016,0.174333333
RajnandGaon,01-05-2016,3.594193548
RajnandGaon,01-06-2016,6.650666667
RajnandGaon,01-07-2016,10.95129032
RajnandGaon,01-08-2016,9.677741935
RajnandGaon,01-09-2016,9.983
RajnandGaon,01-10-2016,3.327419355
RajnandGaon,01-11-2016,0
RajnandGaon,01-12-2016,0
RajnandGaon,01-01-2017,0.022580645
RajnandGaon,01-02-2017,0.001785714
RajnandGaon,01-03-2017,0.532903226
RajnandGaon,01-04-2017,0
RajnandGaon,01-05-2017,0.391612903
RajnandGaon,01-06-2017,6.266666667
RajnandGaon,01-07-2017,9.351612903
RajnandGaon,01-08-2017,8.177741935
RajnandGaon,01-09-2017,5.986333333
RajnandGaon,01-10-2017,1.706129032
RajnandGaon,01-11-2017,0.003333333
RajnandGaon,01-12-2017,0
RajnandGaon,01-01-2018,0
RajnandGaon,01-02-2018,1.018571429
RajnandGaon,01-03-2018,0.043870968
RajnandGaon,01-04-2018,0.401666667
RajnandGaon,01-05-2018,0.585483871
RajnandGaon,01-06-2018,5.534666667
RajnandGaon,01-07-2018,10.28064516
RajnandGaon,01-08-2018,13.18258065
RajnandGaon,01-09-2018,3.952
RajnandGaon,01-10-2018,0.039354839
RajnandGaon,01-11-2018,0
RajnandGaon,01-12-2018,1.280967742
RajnandGaon,01-01-2019,0.631935484
RajnandGaon,01-02-2019,0.300357143
RajnandGaon,01-03-2019,0.637419355
RajnandGaon,01-04-2019,0.147666667
RajnandGaon,01-05-2019,0.160967742
RajnandGaon,01-06-2019,3.536666667
RajnandGaon,01-07-2019,7.912580645
RajnandGaon,01-08-2019,8.919032258
RajnandGaon,01-09-2019,10.58666667
RajnandGaon,01-10-2019,2.290967742
RajnandGaon,01-11-2019,0.018
RajnandGaon,01-12-2019,0.030967742
RajnandGaon,01-01-2020,0.844516129
RajnandGaon,01-02-2020,1.906206897
RajnandGaon,01-03-2020,1.440967742
RajnandGaon,01-04-2020,0.187
RajnandGaon,01-05-2020,1.302857143
RajnandGaon,01-06-2020,8.449333333
RajnandGaon,01-07-2020,6.4625
RajnandGaon,01-08-2020,13.50322581
RajnandGaon,01-09-2020,3.525
RajnandGaon,01-10-2020,0.842903226
RajnandGaon,01-11-2020,0.147333333
RajnandGaon,01-12-2020,0.000967742
RajnandGaon,01-01-2021,0.089354839
RajnandGaon,01-02-2021,0.385357143
RajnandGaon,01-03-2021,0.146129032
RajnandGaon,01-04-2021,0.24137931
RajnandGaon,01-05-2021,1.632068966
RajnandGaon,01-06-2021,6.020833333
RajnandGaon,01-07-2021,7.979655172
RajnandGaon,01-08-2021,5.649677419
RajnandGaon,01-09-2021,13.28666667
RajnandGaon,01-10-2021,1.552903226
RajnandGaon,01-11-2021,0.636
RajnandGaon,01-12-2021,1.981290323
RajnandGaon,01-01-2022,1.196129032
RajnandGaon,01-02-2022,0.172962963
RajnandGaon,01-03-2022,0
RajnandGaon,01-04-2022,0.338214286
RajnandGaon,01-05-2022,0.487419355
RajnandGaon,01-06-2022,5.027
RajnandGaon,01-07-2022,15.3037931
RajnandGaon,01-08-2022,12.74451613
RajnandGaon,01-09-2022,7.044333333
RajnandGaon,01-10-2022,2.348387097
RajnandGaon,01-11-2022,0
RajnandGaon,01-12-2022,0.026451613
RajnandGaon,01-01-2023,0.054333333
RajnandGaon,01-02-2023,0
RajnandGaon,01-03-2023,1.139677419
RajnandGaon,01-04-2023,1.204
RajnandGaon,01-05-2023,1.866774194
RajnandGaon,01-06-2023,7.060689655
RajnandGaon,01-07-2023,11.9516129
RajnandGaon,01-08-2023,5.709032258
RajnandGaon,01-09-2023,11.60566667
RajnandGaon,01-10-2023,0.117419355
RajnandGaon,01-11-2023,0.138666667
RajnandGaon,01-12-2023,0.420645161
Surguja,01-01-2014,0.518064516
Surguja,01-02-2014,2.376071429
Surguja,01-03-2014,0.809677419
Surguja,01-04-2014,0.111
Surguja,01-05-2014,0.640645161
Surguja,01-06-2014,2.965666667
Surguja,01-07-2014,6.966129032
Surguja,01-08-2014,10.61935484
Surguja,01-09-2014,4.953666667
Surguja,01-10-2014,0.830322581
Surguja,01-11-2014,0
Surguja,01-12-2014,0.163870968
Surguja,01-01-2015,0.515483871
Surguja,01-02-2015,0.089285714
Surguja,01-03-2015,0.738064516
Surguja,01-04-2015,1.625666667
Surguja,01-05-2015,0.129032258
Surguja,01-06-2015,3.279333333
Surguja,01-07-2015,13.60064516
Surguja,01-08-2015,8.609354839
Surguja,01-09-2015,3.201666667
Surguja,01-10-2015,1.243225806
Surguja,01-11-2015,0.000333333
Surguja,01-12-2015,0.05
Surguja,01-01-2016,0.529032258
Surguja,01-02-2016,0.211724138
Surguja,01-03-2016,0.778387097
Surguja,01-04-2016,0.019333333
Surguja,01-05-2016,0.517419355
Surguja,01-06-2016,2.330666667
Surguja,01-07-2016,11.17419355
Surguja,01-08-2016,16.18580645
Surguja,01-09-2016,7.368666667
Surguja,01-10-2016,2.077096774
Surguja,01-11-2016,0
Surguja,01-12-2016,0
Surguja,01-01-2017,0.153870968
Surguja,01-02-2017,0.109285714
Surguja,01-03-2017,0.057741935
Surguja,01-04-2017,0.006666667
Surguja,01-05-2017,0.288387097
Surguja,01-06-2017,3.803666667
Surguja,01-07-2017,17.72290323
Surguja,01-08-2017,8.417096774
Surguja,01-09-2017,4.794666667
Surguja,01-10-2017,1.116129032
Surguja,01-11-2017,0.007
Surguja,01-12-2017,0
Surguja,01-01-2018,0
Surguja,01-02-2018,0.34
Surguja,01-03-2018,0.027419355
Surguja,01-04-2018,0.428333333
Surguja,01-05-2018,1.584193548
Surguja,01-06-2018,3.491666667
Surguja,01-07-2018,11.93322581
Surguja,01-08-2018,9.386451613
Surguja,01-09-2018,5.709
Surguja,01-10-2018,0.333225806
Surguja,01-11-2018,0.001333333
Surguja,01-12-2018,0.817096774
Surguja,01-01-2019,0.311935484
Surguja,01-02-2019,0.732857143
Surguja,01-03-2019,0.484193548
Surguja,01-04-2019,0.495666667
Surguja,01-05-2019,0.302258065
Surguja,01-06-2019,3.602
Surguja,01-07-2019,11.60129032
Surguja,01-08-2019,12.18483871
Surguja,01-09-2019,8.105666667
Surguja,01-10-2019,2.961935484
Surguja,01-11-2019,0.166
Surguja,01-12-2019,0.607741935
Surguja,01-01-2020,1.323225806
Surguja,01-02-2020,1.026551724
Surguja,01-03-2020,3.440645161
Surguja,01-04-2020,1.054
Surguja,01-05-2020,1.638928571
Surguja,01-06-2020,10.464
Surguja,01-07-2020,8.248125
Surguja,01-08-2020,12.05580645
Surguja,01-09-2020,4.808
Surguja,01-10-2020,4.308387097
Surguja,01-11-2020,0.548666667
Surguja,01-12-2020,0.034193548
Surguja,01-01-2021,0.099032258
Surguja,01-02-2021,0.351071429
Surguja,01-03-2021,0.19516129
Surguja,01-04-2021,0.076896552
Surguja,01-05-2021,4.084137931
Surguja,01-06-2021,8.53125
Surguja,01-07-2021,10.24482759
Surguja,01-08-2021,6.461612903
Surguja,01-09-2021,6.882
Surguja,01-10-2021,1.676451613
Surguja,01-11-2021,0.619333333
Surguja,01-12-2021,0.597096774
Surguja,01-01-2022,0.627419355
Surguja,01-02-2022,1.087777778
Surguja,01-03-2022,0.032666667
Surguja,01-04-2022,0.036428571
Surguja,01-05-2022,0.850967742
Surguja,01-06-2022,3.013
Surguja,01-07-2022,5.468275862
Surguja,01-08-2022,11.91903226
Surguja,01-09-2022,7.882333333
Surguja,01-10-2022,3.231290323
Surguja,01-11-2022,0
Surguja,01-12-2022,0.032903226
Surguja,01-01-2023,0
Surguja,01-02-2023,0
Surguja,01-03-2023,1.083225806
Surguja,01-04-2023,0.514
Surguja,01-05-2023,0.33483871
Surguja,01-06-2023,5.175862069
Surguja,01-07-2023,4.493548387
Surguja,01-08-2023,9.245806452
Surguja,01-09-2023,7.525
Surguja,01-10-2023,4.314516129
Surguja,01-11-2023,0.034333333
Surguja,01-12-2023,0.675483871
Uttar Bastar Kanker,01-01-2014,0
Uttar Bastar Kanker,01-02-2014,0.135
Uttar Bastar Kanker,01-03-2014,0.44483871
Uttar Bastar Kanker,01-04-2014,0.663
Uttar Bastar Kanker,01-05-2014,0.047741935
Uttar Bastar Kanker,01-06-2014,1.730666667
Uttar Bastar Kanker,01-07-2014,18.25709677
Uttar Bastar Kanker,01-08-2014,9.627096774
Uttar Bastar Kanker,01-09-2014,10.136
Uttar Bastar Kanker,01-10-2014,2.807419355
Uttar Bastar Kanker,01-11-2014,0.068
Uttar Bastar Kanker,01-12-2014,0
Uttar Bastar Kanker,01-01-2015,1.016774194
Uttar Bastar Kanker,01-02-2015,0
Uttar Bastar Kanker,01-03-2015,0.707419355
Uttar Bastar Kanker,01-04-2015,1.253666667
Uttar Bastar Kanker,01-05-2015,0.482258065
Uttar Bastar Kanker,01-06-2015,10.68733333
Uttar Bastar Kanker,01-07-2015,5.717419355
Uttar Bastar Kanker,01-08-2015,8.016451613
Uttar Bastar Kanker,01-09-2015,9.707
Uttar Bastar Kanker,01-10-2015,0.357419355
Uttar Bastar Kanker,01-11-2015,0
Uttar Bastar Kanker,01-12-2015,0.000967742
Uttar Bastar Kanker,01-01-2016,0.255806452
Uttar Bastar Kanker,01-02-2016,0
Uttar Bastar Kanker,01-03-2016,0.655806452
Uttar Bastar Kanker,01-04-2016,0.100666667
Uttar Bastar Kanker,01-05-2016,0.998709677
Uttar Bastar Kanker,01-06-2016,6.517666667
Uttar Bastar Kanker,01-07-2016,14.73225806
Uttar Bastar Kanker,01-08-2016,15.84741935
Uttar Bastar Kanker,01-09-2016,11.80066667
Uttar Bastar Kanker,01-10-2016,3.884193548
Uttar Bastar Kanker,01-11-2016,0
Uttar Bastar Kanker,01-12-2016,0
Uttar Bastar Kanker,01-01-2017,0
Uttar Bastar Kanker,01-02-2017,0.000714286
Uttar Bastar Kanker,01-03-2017,0.571935484
Uttar Bastar Kanker,01-04-2017,0.029333333
Uttar Bastar Kanker,01-05-2017,0.634193548
Uttar Bastar Kanker,01-06-2017,6.506333333
Uttar Bastar Kanker,01-07-2017,10.95258065
Uttar Bastar Kanker,01-08-2017,8.487741935
Uttar Bastar Kanker,01-09-2017,6.827
Uttar Bastar Kanker,01-10-2017,3.383225806
Uttar Bastar Kanker,01-11-2017,0
Uttar Bastar Kanker,01-12-2017,0
Uttar Bastar Kanker,01-01-2018,0
Uttar Bastar Kanker,01-02-2018,0.295
Uttar Bastar Kanker,01-03-2018,0.013548387
Uttar Bastar Kanker,01-04-2018,0.699666667
Uttar Bastar Kanker,01-05-2018,1.013225806
Uttar Bastar Kanker,01-06-2018,5.854666667
Uttar Bastar Kanker,01-07-2018,10.83258065
Uttar Bastar Kanker,01-08-2018,20.0083871
Uttar Bastar Kanker,01-09-2018,3.473666667
Uttar Bastar Kanker,01-10-2018,0.010645161
Uttar Bastar Kanker,01-11-2018,0
Uttar Bastar Kanker,01-12-2018,1.678387097
Uttar Bastar Kanker,01-01-2019,0.628387097
Uttar Bastar Kanker,01-02-2019,0.265
Uttar Bastar Kanker,01-03-2019,0.086129032
Uttar Bastar Kanker,01-04-2019,0.193666667
Uttar Bastar Kanker,01-05-2019,0.741612903
Uttar Bastar Kanker,01-06-2019,5.438666667
Uttar Bastar Kanker,01-07-2019,12.26709677
Uttar Bastar Kanker,01-08-2019,9.996774194
Uttar Bastar Kanker,01-09-2019,12.27566667
Uttar Bastar Kanker,01-10-2019,5.948709677
Uttar Bastar Kanker,01-11-2019,0.022333333
Uttar Bastar Kanker,01-12-2019,0.000967742
Uttar Bastar Kanker,01-01-2020,0.718387097
Uttar Bastar Kanker,01-02-2020,1.036896552
Uttar Bastar Kanker,01-03-2020,1.092580645
Uttar Bastar Kanker,01-04-2020,0.326333333
Uttar Bastar Kanker,01-05-2020,1.161428571
Uttar Bastar Kanker,01-06-2020,8.924666667
Uttar Bastar Kanker,01-07-2020,8.2125
Uttar Bastar Kanker,01-08-2020,14.02870968
Uttar Bastar Kanker,01-09-2020,4.478
Uttar Bastar Kanker,01-10-2020,2.094516129
Uttar Bastar Kanker,01-11-2020,0.006
Uttar Bastar Kanker,01-12-2020,0
Uttar Bastar Kanker,01-01-2021,0
Uttar Bastar Kanker,01-02-2021,0.455
Uttar Bastar Kanker,01-03-2021,0.04
Uttar Bastar Kanker,01-04-2021,0.708965517
Uttar Bastar Kanker,01-05-2021,1.677931034
Uttar Bastar Kanker,01-06-2021,5.8825
Uttar Bastar Kanker,01-07-2021,7.285172414
Uttar Bastar Kanker,01-08-2021,7.331935484
Uttar Bastar Kanker,01-09-2021,11.019
Uttar Bastar Kanker,01-10-2021,0.983548387
Uttar Bastar Kanker,01-11-2021,1.024666667
Uttar Bastar Kanker,01-12-2021,0.478387097
Uttar Bastar Kanker,01-01-2022,3.05
Uttar Bastar Kanker,01-02-2022,0.012222222
Uttar Bastar Kanker,01-03-2022,0
Uttar Bastar Kanker,01-04-2022,0.532142857
Uttar Bastar Kanker,01-05-2022,0.517741935
Uttar Bastar Kanker,01-06-2022,4.515
Uttar Bastar Kanker,01-07-2022,18.35172414
Uttar Bastar Kanker,01-08-2022,15.83709677
Uttar Bastar Kanker,01-09-2022,6.715333333
Uttar Bastar Kanker,01-10-2022,2.438064516
Uttar Bastar Kanker,01-11-2022,0
Uttar Bastar Kanker,01-12-2022,0.37483871
Uttar Bastar Kanker,01-01-2023,0.001333333
Uttar Bastar Kanker,01-02-2023,0
Uttar Bastar Kanker,01-03-2023,1.187419355
Uttar Bastar Kanker,01-04-2023,1.547
Uttar Bastar Kanker,01-05-2023,1.617419355
Uttar Bastar Kanker,01-06-2023,4.576551724
Uttar Bastar Kanker,01-07-2023,12.54548387
Uttar Bastar Kanker,01-08-2023,6.232903226
Uttar Bastar Kanker,01-09-2023,11.12533333
Uttar Bastar Kanker,01-10-2023,0.190967742
Uttar Bastar Kanker,01-11-2023,0.108666667
Uttar Bastar Kanker,01-12-2023,0.726774194
